INSERT INTO tbl_grade (grade_name, crit_exp) VALUES
                                                 ('새싹',0),
                                                 ('묘목',100000),
                                                 ('나무',200000),
                                                 ('거목',300000);

INSERT INTO tbl_producer_grade (pgrade_name, crit_sales, crit_review) VALUES
                                                                          ('초보 사장님', 0, 0),
                                                                          ('중수 사장님', 2000000, 3),
                                                                          ('고수 사장님', 5000000, 4),
                                                                          ('최고의 사장님', 10000000, 4)
;



INSERT INTO tbl_role (role_name)VALUES
                                    ('ROLE_USER'),
                                    ('ROLE_PRODUCER'),
                                    ('ROLE_PRODUCT_ADMIN'),
                                    ('ROLE_USER_ADMIN'),
                                    ('ROLE_MONITORING_ADMIN'),
                                    ('ROLE_CS_ADMIN')
;
#유저데이터에 들어가는 평문 패스워드 더미는 로그인 되지 않습니다
INSERT INTO tbl_user (user_fullname, username, password, user_email, user_phone, user_point) VALUES
                                                                                                 ('김민수', 'producer001', '$2a$10$HP4FtkWmgmdyMcO26OQA4uo5oKiPhcNCEwTtRMlcaWzvWTPn6ahRS', 'producer001@mail.com',   '010-1111-1111', 100), #비밀번호: pass001
                                                                                                 ('이영희', 'producer002', '$2a$10$tQW/8wT3l6c6eN6BOAO6ye1LHbR35rEEwCOGNhzq/vtcXCPLm9NCS', 'producer002@mail.com',   '010-2222-2222', 0), #비밀번호: pass002
                                                                                                 ('박지훈', 'producer003', '$2a$10$z8XEJuIQ72E3h3ZKZ/UayO6mB2.Y2xDt4Bp8bHbCeZtEFQSdaYxMu', 'producer003@mail.com', '010-3333-3333', 50), -- 비밀번호: pass003
                                                                                                 ('최수민', 'producer004', '$2a$10$kRXC9zF3pFO9o2k9e2zHBOwzEfhb0ppzy/gbft0Pp9N3N9FqsH5o2', 'producer004@mail.com', '010-4444-4444', 120), -- 비밀번호: pass004
                                                                                                 ('한지민', 'producer005', '$2a$10$JW3V7tlfGH0zRqsBtk5pluOu5mbrWUVgpQtVtBV2SeCEGgLyM4a0G', 'producer005@mail.com', '010-5555-5555', 80), -- 비밀번호: pass005
                                                                                                 ('김철수', 'producer006', '$2a$10$n/T.uexEIp3XqDJNUix3yeKovW6zKv2syrFZ4PteTXcLF7QjWVRoS', 'producer006@mail.com', '010-6666-6666', 0), -- 비밀번호: pass006
                                                                                                 ('이하은', 'producer007', '$2a$10$UFrTtLbVdp9RuMLNCEVylOFtFghzVP2zPbV/MZHeXcLzHTqjWu8Si', 'producer007@mail.com', '010-7777-7777', 30), -- 비밀번호: pass007
                                                                                                 ('오준서', 'producer008', '$2a$10$TcC90b8Lnfn2DgFMY/V5F.KVbNSLqH0Dd6Fzv6pb9bOAF7R9NtGcO', 'producer008@mail.com', '010-8888-8888', 200), -- 비밀번호: pass008
                                                                                                 ('정민호', 'producer009', '$2a$10$B3cQf.JzXMQu5CQpkn5.1.GjUzBXFnz9CBMez/MFqQftx1RpuWJLy', 'producer009@mail.com', '010-9999-9999', 15), -- 비밀번호: pass009
                                                                                                 ('문수아', 'producer010', '$2a$10$sVOc.v4cHtBMs4FEZHzcFeOpYlTV8t.bhpqvBxeKHe9P6HhfVbXu2', 'producer010@mail.com', '010-0000-0000', 75), -- 비밀번호: pass010
                                                                                                 ('박민지', 'user003'    , '$2a$10$b7TscGZWX6qgqFGUME2gVe2H.1dmPPO77fqnH7KILi3uqIPE.Qih6', 'user003@mail.com',       '010-3333-3333', 3200),#비밀번호: pass003
                                                                                                 ('최수지', 'user004'    , '$2a$10$5CTB9ZpEMcuqtLuEXs4AAuM/45EtmF9SpRjgPCvW1M0Os9MjMxYwG', 'user004@mail.com',       '010-4444-4444', 1000),#비밀번호: pass004
                                                                                                 ('제갈명진', 'user005'  ,  '$2a$10$kj5/L3Yyu6mEQWuM8K8QHujAJXssAPkpsTpzbmhn9qZYWSbc2e/fS', 'user005@mail.com',       '010-5555-5555', 4000),#비밀번호: pass005
                                                                                                 ('감유진', 'user006'    , '$2a$10$MeMKaVZF3yYX./sVeVA6o.BcAqBbKySGc.zhVJel/zM73HLiIwN2e'  , 'user006@mail.com',       '010-6666-6666', 500),#비밀번호: pass006
                                                                                                 ('간리자', 'admin001'   , '$2a$10$hYDStBt17vWyNFtsTBymqu2o0xloLARtc96hftXJDMr0ng9eAqoUK', 'admin001@mail.com',NULL, 0), #비밀번호 admin001
                                                                                                 ('리간자', 'admin002'   , '$2a$10$RmQLLj/nagiSykiYpq5yQuAXAE/lkuqvxPlHEOKv9/JL249d3oI3e', 'admin002@mail.com',    NULL, 0), #비밀번호 admin002
                                                                                                 ('cs직원', 'admin003'   ,'$2a$10$R06k1HxbCF0n7Ve9ZFPPC.D8PHjPQsayjjXN58GGAaZdpEsYM0.4G' , 'admin003@mail.com',   NULL, 0); #비밀번호 admin003
;

INSERT INTO tbl_producer (producer_id, busi_no, producer_add, producer_name, producer_phone, delivery_fee, delivery_crit) VALUES
                                                                                                                              (1, '1234578910', '서울 구로구 구로동로 2', '미도리크리머리', '02-0000-1111', 1000, 30000), -- NON-DAIRIES Items
                                                                                                                              (2, '1234578961', '인천 강화군 강화읍 갑룡길 3', '그린스낵', '032-0000-1112', 2000, 40000), -- SNACK Items
                                                                                                                              (3, '1234578962', '경기 성남시 분당구 판교역로 166', '베지델리', '031-0000-1113', 1500, 25000), -- FROZEN NOVELTIES/MEALS Items
                                                                                                                              (4, '1234578963', '서울 강남구 가로수길 9', '비건푸드', '02-0000-1114', 0, 50000), -- PLANT-BASED Meat
                                                                                                                              (5, '1234578964', '서울 송파구 동남로 105', '오가닉', '02-0000-1115', 1000, 30000), -- BAKERY Items
                                                                                                                              (6, '1234578965', '서울 성동구 서울숲길 18', '내츄럴드링크', '02-0000-1116', 0, 40000), -- DRINKS Items
                                                                                                                              (7, '1234578966', '서울 용산구 두텁바위로 9', '프레쉬팜', '02-0000-1117', 1500, 20000), -- PRODUCE
                                                                                                                              (8, '1234578967', '서울 금천구 가마산로 96', '헬스케어코리아', '02-0000-1118', 0, 0), -- Health & Beauty
                                                                                                                              (9, '1234578968', '서울 종로구 송월길 2', '클린리빙', '02-0000-1119', 1000, 25000), -- PERSONAL HYGIENE
                                                                                                                              (10, '1234578969', '경기 의정부시 가금로 29', '에코스킨', '031-0000-1120', 2000, 30000); -- SKINCARE

INSERT INTO tbl_user_role (user_id, role_id)VALUES
                                                (1,2),
                                                (2,2),
                                                (3, 2),
                                                (3, 2),
                                                (4, 2),
                                                (5, 2),
                                                (6, 2),
                                                (7, 2),
                                                (8, 2),
                                                (9, 2),
                                                (10, 2),
                                                (1,1),
                                                (2,1),
                                                (3, 1),
                                                (3, 1),
                                                (4, 1),
                                                (5, 1),
                                                (6, 1),
                                                (7, 1),
                                                (8, 1),
                                                (9, 1),
                                                (10, 1),
                                                (15,5),
                                                (16,5),
                                                (17,5),
                                                (11,1),
                                                (12,1),
                                                (13,1),
                                                (14,1);
;

INSERT INTO tbl_question (question_title, question_content, question_image, user_id)VALUES
                                                                                        ('상품 등록이 안됩니다.', '상품 등록을 하려고 하는데, 관리자에게 문의하라는 안내가 뜨는 화면에서 넘어가지 않습니다.', 'qus_image1.png', 11),
                                                                                        ('상품에 여러가지 옵션 등록이 가능한가요?', '같은 상품에 용량에 따라 다른 가격을 받아 판매하고 싶습니다.', 'qus_image2.png', 12),
                                                                                        ('배달비 문의.', '상품 배달비를 무료로 하고싶습니다. 설정하는 법을 알려주세요', NULL, 13),
                                                                                        ('옵션이 뭐예요?.', '상품 구매할 때, 옵션이란 뭔가요? 꼭 선택해야하나요? ', 'qus_image4.png', 14);

UPDATE tbl_question
SET question_title = '업데이트 테스트를 진행합니다 시간이 조금 지났어요',
    question_content = '새로운 내용'
WHERE question_id=4;

INSERT INTO tbl_answer (answer_title, answer_content, question_id, answer_emp_id) VALUES
                                                                                      ('상품 등록에 대해 안내드립니다.', '불편을 드려 죄송합니다 고객님. 문의 주신 내용의 경우, 첨부해주신 화면에서 -로 이동후, 설정을 해주시면 등록이 정상적으로 완료됩니다.', 1, 6),
                                                                                      ('문의 주신 옵션 등록에 대한 답변입니다.', '옵션의 경우 한 상품에 대해 1묶음의 옵션을 등록하실 수 있습니다.', 2, 7 );

INSERT INTO tbl_alarm (alarm_url, alarm_detail, user_id)VALUES
                                                            (NULL, '새 상품이 입고되었습니다', 1 ),
                                                            ('https://m.map.kakao.com/','카카오맵으로 이동하는 임시 url입니다.', 1);

INSERT INTO tbl_category_large (large_category_id, large_category_name)VALUES
                                                                           (1,'전체'),
                                                                           (2,'식품'),
                                                                           (3,'헬스&뷰티'),
                                                                           (4,'패션')
;
INSERT INTO tbl_category_medium (medium_category_id, medium_category_name, large_category_id)VALUES
                                                                                                 (1, '델리',2),
                                                                                                 (2, '음료',2),
                                                                                                 (3,'간식',2),
                                                                                                 (4,'제과',2),
                                                                                                 (5,'과일/야채',2),
                                                                                                 (6,'비건 유제품',2),
                                                                                                 (7,'건강 기능 식품', 3),
                                                                                                 (8,'생활용품', 3),
                                                                                                 (9,'스킨케어', 3),
                                                                                                 (10,'의류', 4),
                                                                                                 (11,'신발', 4),
                                                                                                 (12,'가방', 4);

INSERT INTO tbl_category_small (small_category_name, medium_category_id) VALUES
                                                                             ('프루테리언', 1),
                                                                             ('비건', 1),
                                                                             ('락토', 1),
                                                                             ('오보', 1),
                                                                             ('락토오보', 1),
                                                                             ('페스코', 1),
                                                                             ('폴로', 1),
                                                                             ('플렉시테리언', 1),
                                                                             ('기타', 1),
                                                                             ('프루테리언', 2),
                                                                             ('비건', 2),
                                                                             ('락토', 2),
                                                                             ('오보', 2),
                                                                             ('락토오보', 2),
                                                                             ('페스코', 2),
                                                                             ('폴로', 2),
                                                                             ('플렉시테리언', 2),
                                                                             ('기타', 2),
                                                                             ('프루테리언', 3),
                                                                             ('비건', 3),
                                                                             ('락토', 3),
                                                                             ('오보', 3),
                                                                             ('락토오보', 3),
                                                                             ('페스코', 3),
                                                                             ('폴로', 3),
                                                                             ('플렉시테리언', 3),
                                                                             ('기타', 3),
                                                                             ('프루테리언', 4),
                                                                             ('비건', 4),
                                                                             ('락토', 4),
                                                                             ('오보', 4),
                                                                             ('락토오보', 4),
                                                                             ('페스코', 4),
                                                                             ('폴로', 4),
                                                                             ('플렉시테리언', 4),
                                                                             ('기타', 4),
                                                                             ('프루테리언', 5),
                                                                             ('비건', 5),
                                                                             ('락토', 5),
                                                                             ('오보', 5),
                                                                             ('락토오보', 5),
                                                                             ('페스코', 5),
                                                                             ('폴로', 5),
                                                                             ('플렉시테리언', 5),
                                                                             ('기타', 5),
                                                                             ('프루테리언', 6),
                                                                             ('비건', 6),
                                                                             ('락토', 6),
                                                                             ('오보', 6),
                                                                             ('락토오보', 6),
                                                                             ('페스코', 6),
                                                                             ('폴로', 6),
                                                                             ('플렉시테리언', 6),
                                                                             ('기타', 6),
                                                                             ('프루테리언', 7),
                                                                             ('비건', 7),
                                                                             ('락토', 7),
                                                                             ('오보', 7),
                                                                             ('락토오보', 7),
                                                                             ('페스코', 7),
                                                                             ('폴로', 7),
                                                                             ('플렉시테리언', 7),
                                                                             ('기타', 7),
                                                                             ('프루테리언', 8),
                                                                             ('비건', 8),
                                                                             ('락토', 8),
                                                                             ('오보', 8),
                                                                             ('락토오보', 8),
                                                                             ('페스코', 8),
                                                                             ('폴로', 8),
                                                                             ('플렉시테리언', 8),
                                                                             ('기타', 8),
                                                                             ('프루테리언', 9),
                                                                             ('비건', 9),
                                                                             ('락토', 9),
                                                                             ('오보', 9),
                                                                             ('락토오보', 9),
                                                                             ('페스코', 9),
                                                                             ('폴로', 9),
                                                                             ('플렉시테리언', 9),
                                                                             ('기타', 9),
                                                                             ('프루테리언', 10),
                                                                             ('비건', 10),
                                                                             ('락토', 10),
                                                                             ('오보', 10),
                                                                             ('락토오보', 10),
                                                                             ('페스코', 10),
                                                                             ('폴로', 10),
                                                                             ('플렉시테리언', 10),
                                                                             ('기타', 10),
                                                                             ('프루테리언', 11),
                                                                             ('비건', 11),
                                                                             ('락토', 11),
                                                                             ('오보', 11),
                                                                             ('락토오보', 11),
                                                                             ('페스코', 11),
                                                                             ('폴로', 11),
                                                                             ('플렉시테리언', 11),
                                                                             ('기타', 11),
                                                                             ('프루테리언', 12),
                                                                             ('비건', 12),
                                                                             ('락토', 12),
                                                                             ('오보', 12),
                                                                             ('락토오보', 12),
                                                                             ('페스코', 12),
                                                                             ('폴로', 12),
                                                                             ('플렉시테리언', 12),
                                                                             ('기타', 12);

INSERT INTO tbl_product (product_name, product_price, product_thumbnail, product_img, product_desc, product_check, producer_id, small_category_id) VALUES
-- Medium 카테고리 1: 델리
-- Small 카테고리 1: 프루테리언
-- Small 카테고리 2: 비건
('부추 감자전', 12000, '1000054622729_i1_1200.jpg', '1000054622729_i1_1200.jpg', '강판에 갈아만든 부추 감자전', 'Y', 1, 2),
('감자 옹심이', 14000, '1000054622750_i1_1200.jpg', '1000054622750_i1_1200.jpg', '강판에 갈아만든 감자 옹심이', 'Y', 1, 2),
('갈릭 토마토 미트볼', 11000, '1000623390861_i1_290.jpg', '1000623390861_i1_290.jpg', '갈릭 토마토 미트볼', 'Y', 1, 2),
('비건 함박 스테이크', 11000, '1000605948832_i1_290.jpg', '1000605948832_i1_290.jpg', '비건 함박 스테이크', 'Y', 1, 2),
('비건 두부면 샐러드', 11000, '1000304430459_i1_1200.jpg', '1000304430459_i1_1200.jpg', '비건 두부면 샐러드', 'Y', 1, 2),

-- Small 카테고리 3: 락토
('만두', 10000, '2097001728789_i1_290.jpg', '2097001728789_i1_290.jpg', '만두', 'Y', 1, 3),


-- Medium 카테고리 2: 음료
-- Small 카테고리 11: 비건 (11)
('아몬드 밀크 라떼', 6000, '1000546537941_i1_1200.jpg', '1000546537941_i1_1200.jpg', '아몬드 밀크로 만들어 부드럽고 고소한 맛의 라떼입니다.', 'Y', 2, 11),
('식물성 프로틴 밀 카카오맛', 5000, '1000629390962_i1_1200.jpg', '1000629390962_i1_1200.jpg', '카카오맛이 진하게 느껴지는 단백질 음료로, 간편한 영양 보충에 적합합니다.', 'Y', 2, 11),
('홍콩 밀크티', 7000, '1000557566745_i1_500.jpg', '1000557566745_i1_500.jpg', '홍콩식으로 만들어 부드러운 맛과 깊은 풍미가 특징입니다.', 'Y', 2, 11),
('티즐 티', 4000, '1000043620868_i1_500.jpg', '1000043620868_i1_500.jpg', '가볍게 즐길 수 있는 상쾌하고 향긋한 티입니다.', 'Y', 2, 11),
('미숫가루 단백질 쉐이크', 4000, '1000554034590_i1_1200.jpg', '1000554034590_i1_1200.jpg', '전통 미숫가루에 단백질을 더한 건강한 쉐이크입니다.', 'Y', 2, 11),

-- Medium 카테고리 3: 간식
-- Small 카테고리 19: 프루테리언 (19)
('건조 과일 믹스', 8000, '2097001773376_i1_1200.jpg', '2097001773376_i1_1200.jpg', '다양한 과일을 건조시켜 건강하게 즐길 수 있는 간식입니다.', 'Y', 3, 19),
('과일 젤리', 5000, '2097001872635_i1_1200.jpg', '2097001872635_i1_1200.jpg', '신선한 과일 주스로 만든 쫄깃하고 달콤한 젤리입니다.', 'Y', 3, 19),
('애플 칩스', 6000, '2097001872499_i1_1200.jpg', '2097001872499_i1_1200.jpg', '얇게 썬 사과를 바삭하게 구워 만든 건강 간식입니다.', 'Y', 3, 19),
('망고 말랭이', 7000, '1000535235445_i1_1200.jpg', '1000535235445_i1_1200.jpg', '달콤하고 쫄깃한 망고로 만들어진 간식입니다.', 'Y', 3, 19),

-- Medium 카테고리 4: 제과
-- Small 카테고리 29: 비건 (29)
('비건 모닝빵', 9000, '2097001773345_i1_1200.jpg', '2097001773345_i1_1200.jpg', '비건 재료로 구운 저당 모닝빵으로, 가볍게 아침 식사로 적합합니다.', 'Y', 4, 29),
('비건 통밀', 8000, '2097001774144_i1_1200.jpg', '2097001774144_i1_1200.jpg', '비건 르방 통밀 발효종으로 건강한 베이커리 메뉴입니다.', 'Y', 4, 29),
('비건 야채, 과일 쿠키', 8500, '_temp_16774622662456list1.jpg', '_temp_16774622662456list1.jpg', '신선한 야채와 과일을 사용하여 만든 비건 쿠키입니다.', 'Y', 4, 29),
('비건 아이스크림', 9500, '01.22582050.1.jpg', '01.22582050.1.jpg', '비건 재료로 만든 부드럽고 달콤한 아이스크림입니다.', 'Y', 4, 29),
('비건 도넛', 9500, '0c89418a-0c8d-4ecd-b3ea-c373bf3d7628.jpg', '0c89418a-0c8d-4ecd-b3ea-c373bf3d7628.jpg', '사과와 크럼블이 조화를 이루는 맛있는 비건 디저트입니다.', 'Y', 4, 29),

-- Medium 카테고리 5: 과일/야채
-- Small 카테고리 37: 프루테리언 (37)
('유기농 상추', 4000, '2097001646885_i2_290.jpg', '2097001646885_i2_290.jpg', '신선하고 건강한 유기농 상추로, 샐러드에 적합합니다.', 'Y', 5, 37),
('버섯', 5000, '2097000812793_i1_290.jpg', '2097000812793_i1_290.jpg', '쫄깃하고 고소한 버섯으로, 요리나 샐러드에 활용 가능합니다.', 'Y', 5, 37),
('친환경 토마토', 6000, '2097001279946_i2_290.jpg', '2097001279946_i2_290.jpg', '맛있고 신선한 친환경 토마토로 건강한 식단에 적합합니다.', 'Y', 5, 37),
('오이', 7000, '2097001164471_i1_290.jpg', '2097001164471_i1_290.jpg', '아삭아삭한 신선한 오이로, 간식이나 샐러드로 활용 가능합니다.', 'Y', 5, 37),
('당근', 7000, '0000008326002_i1_290.jpg', '0000008326002_i1_290.jpg', '달콤하고 영양이 풍부한 신선한 당근입니다.', 'Y', 5, 37),
('감자', 7000, '1000049624681_i2_290.jpg', '1000049624681_i2_290.jpg', '부드럽고 다양한 요리에 적합한 신선한 감자입니다.', 'Y', 5, 37),

-- Medium 카테고리 6: 비건 유제품
-- Small 카테고리 48: 락토 (48)
('다시마 버터', 4000, '2097001872369_i1_1200.jpg', '2097001773345_i1_1200.jpg', '다시마 성분이 포함된 고소한 비건 버터입니다.', 'Y', 6, 48),
('오틀리 초코', 4000, '2097001932582_i2_1200.jpg', '2097001932582_i2_1200.jpg', '초콜릿 맛이 진하게 느껴지는 비건 유제품입니다.', 'Y', 6, 48),
('시나몬피칸 버터', 4000, '2097001872383_i1_1200.jpg', '2097001872383_i1_1200.jpg', '시나몬과 피칸의 풍미가 가득한 비건 버터입니다.', 'Y', 6, 48),
('프로틴', 3000, '2097001996539_i1_290.jpg', '2097001996539_i1_290.jpg', '신체 활동을 지원하는 비건 프로틴 음료입니다.', 'Y', 6, 48),

-- Medium 카테고리 7: 건강 기능 식품
-- Small 카테고리 56: 락토 (56)
('오메가 3', 9000, '1000605901561_i1_290.jpg', '1000605901561_i1_290.jpg', '비건 오메가3로, 건강을 위한 필수 지방산 보충에 적합합니다.', 'Y', 7, 56),
('프롬바이오 아프리카노', 9000, 'art_17104798107793_4893ce.png', 'art_17104798107793_4893ce.png', '건강한 커피를 위해 설계된 비건 아프리카노입니다.', 'Y', 7, 56),
('영양효모', 9000, '1000623573579_i1_1200.jpg', '1000623573579_i1_1200.jpg', '풍부한 비타민B군을 제공하는 비건 영양효모입니다.', 'Y', 7, 56),

-- Medium 카테고리 8: 생활용품
-- Small 카테고리 65: 비건 (65)
('비누 받침', 8000, '1000298195783_i1_1200.jpg', '1000298195783_i1_1200.jpg', '습기를 방지하며 비누를 보관하기에 적합한 비건 비누 받침입니다.', 'Y', 8, 65),
('주방 세제', 5000, '1000628549132_i1_1200.jpg', '1000628549132_i1_1200.jpg', '환경 친화적인 비건 주방 세제로, 잔여물 없이 깨끗하게 세척합니다.', 'Y', 8, 65),
('발 매트', 20000, '1000623573579_i1_1200.jpg', '1000623573579_i1_1200.jpg', '흡수력이 뛰어난 친환경 소재로 만든 비건 발 매트입니다.', 'Y', 8, 65),
('컵 홀더', 9000, '1000604023971_i1_1200.jpg', '1000604023971_i1_1200.jpg', '친환경 소재로 제작된 비건 컵 홀더로, 실용성이 높습니다.', 'Y', 8, 65),

-- Medium 카테고리 9: 스킨 케어
-- Small 카테고리 74: 비건 (74)
('스킨 토너', 10000, '86a9214a08b684b5c07786d41ff54d3a.png', '86a9214a08b684b5c07786d41ff54d3a.png', '비건 성분으로 만든 촉촉하고 상쾌한 스킨 토너입니다.', 'Y', 9, 74),
('유기농 오일', 11000, '004681_20210415150429.jpg', '004681_20210415150429.jpg', '유기농 비건 오일로, 피부에 영양을 공급해줍니다.', 'Y', 9, 74),
('손 세정제', 6000, '1000035367651_i1_1200.jpg', '1000035367651_i1_1200.jpg', '비건 성분으로 피부 자극 없이 깨끗하게 세정해줍니다.', 'Y', 9, 74),
('토너', 18000, '1000399492346_i1_1200.jpg', '1000399492346_i1_1200.jpg', '자연에서 온 비건 성분으로 만든 부드러운 토너입니다.', 'Y', 9, 74),
('알로에', 20000, '1000042943207_i1_1200.jpg', '1000042943207_i1_1200.jpg', '진정 효과가 뛰어난 비건 알로에 젤입니다.', 'Y', 9, 74),

-- Medium 카테고리 10: 의류
-- Small 카테고리 83: 기타 (83)
('레더 자켓', 55000, '1000621740728_i1_290.jpg', '1000621740728_i1_290.jpg', '비건 가죽으로 제작된 스타일리시한 레더 자켓입니다.', 'Y', 10, 83),
('퍼 자켓', 85000, '1000630471147_i1_290.jpg', '1000630471147_i1_290.jpg', '비건 소재를 사용한 따뜻하고 부드러운 퍼 자켓입니다.', 'Y', 10, 83),
('숏 패딩', 100000, '1000609730791_i1_290.jpg', '1000609730791_i1_290.jpg', '친환경 소재로 제작된 비건 숏 패딩입니다.', 'Y', 10, 83),

-- Medium 카테고리 11: 신발
-- Small 카테고리 99: 기타 (99)
('실내화', 20000, '1000546123973_i1_1200.jpg', '1000546123973_i1_1200.jpg', '비건 가죽으로 제작된 편안하고 실용적인 실내화입니다.', 'Y', 10, 99),
('비건 가죽 운동화', 50000, 'thum_image_52.png', 'sn.png', '사과 껍질 가죽으로 만든 유니크한 운동화입니다.', 'Y', 10, 99),

-- Medium 카테고리 12: 가방
-- Small 카테고리 108: 기타 (108)
('비건 스타벅스 핸드백', 85000, '14d89dba64617f5851600a0c5cfcca80.png', '14d89dba64617f5851600a0c5cfcca80.png', '친환경 비건 가죽으로 제작된 세련된 핸드백입니다.', 'Y', 10, 108),
('로이미니백', 70000, '1000291212320_i1_1200.jpg', '1000291212320_i1_1200.jpg', '비건 가죽으로 만든 작고 실용적인 미니백입니다.', 'Y', 10, 108),
('에코 텀블러백', 50000, 'trans.jpg', 'trans.jpg', '심플한 디자인과 비건 소재를 사용한 텀블러백입니다.', 'Y', 10, 108),

('신선한 샤인 머스켓', 12000, 'thum_image_1.png', '028215_20240729161946.jpg', '당도 보장, 유기농 샤인머스켓입니다', 'Y', 1, 1),
('비건 애플 크럼블', 9500, 'thum_image_40.png', '36e3929f53b0c.jpg', '쌀클럼블이 올라간 떠먹는 사과 파이.', 'Y', 4, 26),
('비건 가죽 구두', 60000, 'thum_image_52.png', 'Screenshot_2023-08-08_at_16.35.19_5d4f73bd-28ea-44fc-9316-9695c1846cc2.jpg', '비건 가죽 구두입니다.', 'Y', 10, 108),
('비건 가죽 운동화', 30000, 'thum_image_52.png', 'sn.png', '사과 껍질 가죽으로 만든 유니크한 운동화입니다.', 'Y', 10, 108),
('친황경 천연 비누', 3000, 'thum_image_52.png', 'maison-meunier-activated-charcoal-face-body-vegan-cleansing-bar-lavender-tea-tree-100g-29437750837361_400x.jpg', '차콜 성분의 페이셜 클렌징도 가능한 비누입니다.', 'Y', 10, 74),
('귤 향수', 20000, 'thum_image_52.png', 'minuit-sur-terre-equinoxe-30650224574577_400x.jpg', '심플한 디자인의 비건 가죽 클러치 백입니다.', 'Y', 10, 74),
('영양제', 50000, 'thum_image_52.png', '2165e5455cb7db8360467b73b352af73.jpg', '현대인에게 필수인 멀티비타민입니다', 'Y', 10, 55),
('비건 가죽 부츠', 60000, 'thum_image_52.png', 'boots_137d9e31-1dc8-4e47-92e3-107a95f80ab2.png', '비건 가죽 롱부츠입니다.', 'Y', 10, 108),
('아로마 앰플', 15000, 'thum_image_48.png', 'maison-meunier-active-botanical-facial-serum-with-coenzyme-q10-30ml-16085244149873_400x.jpg', '친환경 성분으로 이루어진 앰플입니다.', 'Y', 10, 74),
('크로스바디 백', 60000, 'thum_image_50.png', 'bag_7a61753b-e372-4ca0-84a9-24423da4cf8c.png', '실용적이고 스타일리시한 크로스바디 백입니다.', 'Y', 10, 108),
('비건 라이스볼', 9000, 'thum_image_4.png', 'premium_photo-1721494882150-e2a03451b163.jpg', '건강한 아침 식사 메뉴입니다.', 'Y', 1, 1),
('템페', 9000, 'thum_image_8.png', '15436328-7cb3-4efa-b333-980f63f8634a.jpg', '국산 콩으로 만든 식물성 단백질 템페입니다.', 'Y', 1, 2),
('비건 치즈 버거', 13000, 'thum_image_5.png', 'image_5.jpg', '식물성 패티와 비건 치즈로 만든 맛있는 버거입니다.', 'Y', 1, 2);


INSERT INTO tbl_review (review_image, review_thumbnail, review, review_rating, product_id, user_id) VALUES
                                                                                                        ('review_image_1.png', 'review_thumbnail_1.png', '다른 제품과 비교해도 월등히 뛰어납니다.', 4, 1, 9),
                                                                                                        (NULL, NULL, '가격대비 품질이 훌륭해요! 추천합니다.', 4, 1, 7),
                                                                                                        ('review_image_3.png', 'review_thumbnail_3.png', '가격대비 품질이 훌륭해요! 추천합니다.', 4, 2, 10),
                                                                                                        (NULL, NULL, '탄산이 적당하고 상쾌해요!', 5, 3, 7),
                                                                                                        (NULL, NULL, '사용감이 편하고 매우 만족스럽습니다.', 4, 3, 6),
                                                                                                        ('review_image_6.png', 'review_thumbnail_6.png', '디자인이 너무 예쁘고 실용적이에요.', 3, 3, 1),
                                                                                                        ('review_image_7.png', 'review_thumbnail_7.png', '다른 제품과 비교해도 월등히 뛰어납니다.', 5, 3, 2),
                                                                                                        ('review_image_8.png', 'review_thumbnail_8.png', '너무 맛있어요! 따로 문의 넣어서 정기 구독까지 했어요!', 4, 4, 8);

-- tbl_inquiry 데이터 삽입
INSERT INTO tbl_inquiry (inquiry_title, inquiry_content, inquiry_lock, user_id, product_id ) VALUES -- 수정 안함
                                                                                                    ('정기 구독 따로 되나요?', '정기적으로 배송받고싶은데 가능한가요?', true, 3, 1),
                                                                                                    ('세트로 구매시 할인 되나요?', '주방용품을 세트로 구매할 경우 할인이 가능한지 궁금합니다.', false, 4, 5),
                                                                                                    ('배송기간이 얼마나 걸리나요?', '비누 세트를 주문했는데 배송 기간이 궁금합니다.', true, 5, 6),
                                                                                                    ('구매 후 환불 절차 문의', '베개를 환불하려고 하는데, 환불 절차가 어떻게 되나요?', false, 5, 7 );

-- tbl_response 데이터 삽입
INSERT INTO tbl_response (response_title, response_content,  inquiry_id, producer_id) VALUES    -- 수정 안함
                                                                                                ('정기 구독에 대해 안내드립니다.', '정기 구독 옵션은 현재 준비 중입니다. 빠른 시일 내 제공하도록 하겠습니다.', 1, 1),
                                                                                                ('세트 구매 할인 안내', '현재 주방용품 세트에 대해 할인을 제공하고 있지 않습니다.', 2, 2),
                                                                                                ('배송기간 안내', '비누 세트의 경우 주문 후 3일 이내 배송됩니다.', 3, 2),
                                                                                                ('환불 절차 안내', '베개의 환불 절차는 제품 수령 후 7일 이내에 가능하며, 고객센터로 연락 바랍니다.', 4, 1);

INSERT INTO tbl_address (address_name, address_road, address_detail, postal_code, user_id) VALUES   -- 수정 안함
                                                                                                    ('학원', '서울 종로구 인사동길 12', '7층', '03163', 3),
                                                                                                    ('하나은행 건물', '서울 중구 을지로 35', '00동 00호', '04523', 1),
                                                                                                    ('삼성타워', '서울 강남구 테헤란로 108', '15층 1503호', '06235', 2),
                                                                                                    ('롯데월드타워', '서울 송파구 올림픽로 300', '5층 501호', '05551', 3),
                                                                                                    ('코엑스몰', '서울 강남구 영동대로 513', '1층 A105호', '06164', 4),
                                                                                                    ('대전시청', '대전 서구 둔산로 100', '2층 민원실', '35242', 5),
                                                                                                    ('센텀시티몰', '부산 해운대구 센텀남대로 35', '지하1층 B202호', '48058', 6),
                                                                                                    ('수원역 AK플라자', '경기 수원시 팔달구 매산로1가 18', '6층 603호', '16456', 3),
                                                                                                    ('광주광역시청', '광주 서구 내방로 111', '1층 민원실', '61945', 4),
                                                                                                    ('대구 백화점', '대구 중구 동성로 30', '본관 1층', '41911', 2);

INSERT INTO tbl_liked_product (product_id, user_id) VALUES
                                                        (1, 3),
                                                        (1, 5),
                                                        (2, 4),
                                                        (3, 6),
                                                        (4, 5),
                                                        (5, 3),
                                                        (6, 4);

INSERT INTO tbl_liked_seller (producer_id, user_id) VALUES
                                                        (1, 3),
                                                        (1, 4),
                                                        (2, 5),
                                                        (2, 6),
                                                        (1, 5),
                                                        (2, 3);
INSERT INTO tbl_coupon (coupon_name, producer_id, sale_price, max_sale_price, usable_price, pub_date, end_date, quantity, coupon_type)VALUES    -- 수정 안함
                                                                                                                                                ('첫 구매 고객 한정! 무조건 2000원 할인쿠폰!', 1, 2000, NULL, NULL, NULL, '2030-12-30 00:00:00', NULL , 'price'),
                                                                                                                                                ('매출 200만 감사 이벤트, 500명 한정 20%할인 쿠폰 (최대 5000원)', 1, 20, 5000, NULL, NULL, '2030-12-30 00:00:00', 500 , 'percent'),
                                                                                                                                                ('타임 세일! 100명 한정 쿠폰! 30000원 이상 구매시 10% 할인!', 1, 10, NULL, 30000, NULL, '2024-12-30 00:00:00', 100 , 'percent'),
                                                                                                                                                ('오픈 기념 1000원 할인 감사 쿠폰 제공!', 2, 1000, NULL, 10000, NULL, '2024-12-30 00:00:00', NULL, 'price' );
INSERT INTO tbl_coupon_list (user_id, coupon_id) VALUES
                                                     (11,1),
                                                     (11,2),
                                                     (11,3),
                                                     (13,4),
                                                     (12,1),
                                                     (12,2);

# INSERT INTO tbl_option (option_desc, add_price, product_id, option_quantity, option_check) VALUES
#                                                                                                ('프리미엄 업그레이드', 5000, 1, 20, 'Y'),
#                                                                                                ('사이다', 500, 1, 150, 'Y'),
#                                                                                                ('추가 사은품', 2000, 2, 30, 'Y'),
#                                                                                                ('추가 재료 선택', 1500, 2, 70, 'Y'),
#                                                                                                ('사이다', 500, 3, 150, 'Y'),
#                                                                                                ('홀케이크로 변경', 20000, 3, 50, 'Y'),
#                                                                                                ('용량 선택', 500, 4, 100, 'Y'),
#                                                                                                ('추가 사은품', 2000, 4, 30, 'Y'),
#                                                                                                ('프리미엄 업그레이드', 5000, 5, 20, 'Y'),
#                                                                                                ('추가 사은품', 2000, 6, 30, 'Y'),
#                                                                                                ('제로 칼로리', 300, 7, 150, 'Y'),
#                                                                                                ('1.25리터', 1000, 8, 100, 'Y'),
#                                                                                                ('사이다', 500, 9, 150, 'Y'),
#                                                                                                ('추가 재료 선택', 1500, 10, 70, 'Y'),
#                                                                                                ('프리미엄 업그레이드', 5000, 11, 20, 'Y'),
#                                                                                                ('추가 사은품', 2000, 12, 30, 'Y'),
#                                                                                                ('홀케이크로 변경', 20000, 13, 50, 'Y'),
#                                                                                                ('추가 재료 선택', 1500, 14, 70, 'Y'),
#                                                                                                ('프리미엄 업그레이드', 5000, 15, 20, 'Y'),
#                                                                                                ('추가 사은품', 2000, 16, 30, 'Y');

INSERT INTO tbl_option (option_desc, add_price, product_id, option_quantity, option_check) VALUES
-- 신선한 샤인 머스켓 (product_id = 51)
('추가 포도', 2000, 51, 50, 'Y'),
('소분 포장', 1000, 51, 30, 'Y'),

-- 비건 애플 크럼블 (product_id = 52)
('추가 크럼블', 1500, 52, 40, 'Y'),
('추가 사과 슬라이스', 1000, 52, 30, 'Y'),

-- 비건 가죽 구두 (product_id = 53)
('사이즈 변경', 3000, 53, 10, 'Y'),
('방수 옵션 추가', 2000, 53, 15, 'Y'),

-- 비건 가죽 운동화 (product_id = 54)
('사이즈 업그레이드', 2000, 54, 15, 'Y'),
('추가 깔창', 1000, 54, 50, 'Y'),

-- 친환경 천연 비누 (product_id = 55)
('추가 포장', 500, 55, 100, 'Y'),
('비누 크기 업그레이드', 1500, 55, 30, 'Y'),

-- 귤 향수 (product_id = 56)
('향 농도 강화', 2000, 56, 20, 'Y'),
('여행용 사이즈', 3000, 56, 50, 'Y'),

-- 영양제 (product_id = 57)
('멀티팩 구매', 10000, 57, 10, 'Y'),
('비타민C 추가', 1500, 57, 30, 'Y'),

-- 비건 가죽 부츠 (product_id = 58)
('방수 처리', 3000, 58, 15, 'Y'),
('사이즈 조정', 2000, 58, 20, 'Y'),

-- 아로마 앰플 (product_id = 59)
('대용량 업그레이드', 3000, 59, 20, 'Y'),
('향 추가 조합', 1500, 59, 40, 'Y'),

-- 크로스바디 백 (product_id = 60)
('색상 변경', 5000, 60, 20, 'Y'),
('추가 스트랩', 3000, 60, 10, 'Y'),

-- 비건 라이스볼 (product_id = 61)
('추가 토핑', 2000, 61, 50, 'Y'),
('사이즈 업그레이드', 1500, 61, 30, 'Y'),

-- 템페 (product_id = 62)
('추가 템페', 3000, 62, 40, 'Y'),
('소분 포장', 1000, 62, 30, 'Y'),

-- 비건 치즈 버거 (product_id = 63)
('치즈 추가', 1500, 63, 50, 'Y'),
('감자튀김 추가', 2000, 63, 30, 'Y'),
('음료 추가', 1000, 63, 40, 'Y');

INSERT INTO tbl_order (order_total_amount, order_total_count, delivery_status, order_status,
                       delivery_fee, point_discount, coupon_id, coupon_discount, discount_amount,
                       recipient_name, recipient_phone_number, postal_code, address_road, address_detail,
                       address_name, delivery_note, tracking_number, user_id) VALUES
    (50000, 5, 'pending', 'completed', 5000, 0, 1, 5000, 5000, '박민지' ,'010-3333-3333','03163', '서울 종로구 인사동길 12', '7층',
     '학원', '안전 배송 해주세요. 문이 닫혀있으면 문앞에 둬주세요', NULL, 3  );


INSERT INTO tbl_ship_com (ship_com_code, ship_com_name, ship_com_contact)VALUES
                                                                             ('01','우체국택배', '1588-1255'),
                                                                             ('04','CJ대한통운', '1588-1255'),
                                                                             ('05','한진택배', '1588-1255'),
                                                                             ('06','로젠택배', '1588-1255'),
                                                                             ('08','롯데택배', '1588-1255');


INSERT INTO tbl_shipping (tracking_number, shipping_status, order_id, ship_com_id)VALUES
    (null,'pending', 1,1);

INSERT INTO tbl_order_detail (option_id, count, amount,
                              shipping_id, order_id) VALUES
                                                         (1,3, 6000 ,1,1),
                                                         (3,5,10000,1,1),
                                                         (6,3,14000,1,1)
;

INSERT INTO tbl_banner (banner_thumbnail, banner_img, banner_url,
                        banner_create_at, banner_accept_status, banner_delete_at, producer_id, banner_accept_at, approver_id)VALUES
                                                                                                                                 ('photo-1615366105533-5b8f3255ea5d.jpg', 'photo-1615366105533-5b8f3255ea5d.jpg', 'nnn.com','2024-11-12 00:00:00', 'Y','2024-12-30 00:00:00',  1, '2024-11-11 00:00:00', 8 ),
                                                                                                                                 ('photo-1615802546478-7380efa2d365.jpg', 'photo-1615802546478-7380efa2d365.jpg', 'nnn.com','2024-11-20 00:00:00', 'Y', '2024-12-30 00:00:00', 2, '2024-11-11 00:00:00', 8 ),
                                                                                                                                 ('5b42c11407734c42a253883d237c554e.png', '5b42c11407734c42a253883d237c554e.png', 'mmm.com','2024-11-11 00:00:00','N', '2024-12-30 00:00:00', 3, NULL, NULL );


INSERT INTO tbl_order (
    order_total_amount, order_total_count, delivery_status, order_status,
    delivery_fee, point_discount, coupon_id, coupon_discount, discount_amount,
    recipient_name, recipient_phone_number, postal_code, address_road, address_detail,
    address_name, delivery_note, tracking_number, user_id, created_at, updated_at)
VALUES (
           148255, 4, 'pending', 'completed',
           5000, 0, 1, 5000, 2494,
           '한예슬', '010-9040-3004', '16436', '광주광역시 북구', '8층 799호',
           '집', '문 앞에 두세요', NULL, 1, '2024-11-12 03:20:00', '2024-11-12 03:20:00'
       );


INSERT INTO tbl_order (
    order_total_amount, order_total_count, delivery_status, order_status,
    delivery_fee, point_discount, coupon_id, coupon_discount, discount_amount,
    recipient_name, recipient_phone_number, postal_code, address_road, address_detail,
    address_name, delivery_note, tracking_number, user_id, created_at, updated_at)
VALUES (
           131709, 1, 'pending', 'completed',
           3000, 0, 1, 5000, 3722,
           '한예슬', '010-6697-3633', '91068', '부산광역시 해운대구', '10층 208호',
           '집', '배송 전 연락 바랍니다', NULL, 3, '2024-11-18 15:31:00', '2024-11-18 15:31:00'
       );


INSERT INTO tbl_order (
    order_total_amount, order_total_count, delivery_status, order_status,
    delivery_fee, point_discount, coupon_id, coupon_discount, discount_amount,
    recipient_name, recipient_phone_number, postal_code, address_road, address_detail,
    address_name, delivery_note, tracking_number, user_id, created_at, updated_at)
VALUES (
           86951, 2, 'pending', 'completed',
           5000, 0, 1, 5000, 1472,
           '송지호', '010-8796-9960', '38559', '대구광역시 중구', '2층 261호',
           '집', '출입문 앞에 두세요', NULL, 5, '2024-12-03 19:44:00', '2024-12-03 19:44:00'
       );


INSERT INTO tbl_order (
    order_total_amount, order_total_count, delivery_status, order_status,
    delivery_fee, point_discount, coupon_id, coupon_discount, discount_amount,
    recipient_name, recipient_phone_number, postal_code, address_road, address_detail,
    address_name, delivery_note, tracking_number, user_id, created_at, updated_at)
VALUES (
           99320, 5, 'pending', 'completed',
           3000, 0, 1, 5000, 3137,
           '유현진', '010-5620-9631', '98679', '서울특별시 종로구', '4층 804호',
           '집', '출입문 앞에 두세요', NULL, 4, '2024-11-15 20:39:00', '2024-11-15 20:39:00'
       );


INSERT INTO tbl_order (
    order_total_amount, order_total_count, delivery_status, order_status,
    delivery_fee, point_discount, coupon_id, coupon_discount, discount_amount,
    recipient_name, recipient_phone_number, postal_code, address_road, address_detail,
    address_name, delivery_note, tracking_number, user_id, created_at, updated_at)
VALUES (
           119097, 5, 'pending', 'completed',
           0, 0, 1, 5000, 4684,
           '유현진', '010-7352-8689', '47127', '울산광역시 남구', '6층 385호',
           '집', '부재 시 경비실에 맡겨주세요', NULL, 1, '2024-12-04 04:16:00', '2024-12-04 04:16:00'
       );


INSERT INTO tbl_order (
    order_total_amount, order_total_count, delivery_status, order_status,
    delivery_fee, point_discount, coupon_id, coupon_discount, discount_amount,
    recipient_name, recipient_phone_number, postal_code, address_road, address_detail,
    address_name, delivery_note, tracking_number, user_id, created_at, updated_at)
VALUES (
           146041, 1, 'pending', 'completed',
           5000, 0, 1, 5000, 3859,
           '홍길동', '010-8388-2118', '50964', '광주광역시 북구', '4층 548호',
           '집', '부재 시 경비실에 맡겨주세요', NULL, 6, '2024-11-07 10:31:00', '2024-11-07 10:31:00'
       );


INSERT INTO tbl_order (
    order_total_amount, order_total_count, delivery_status, order_status,
    delivery_fee, point_discount, coupon_id, coupon_discount, discount_amount,
    recipient_name, recipient_phone_number, postal_code, address_road, address_detail,
    address_name, delivery_note, tracking_number, user_id, created_at, updated_at)
VALUES (
           130842, 5, 'pending', 'completed',
           3000, 0, 1, 5000, 1328,
           '한예슬', '010-3572-3544', '10596', '부산광역시 해운대구', '8층 896호',
           '집', '문 앞에 두세요', NULL, 6, '2024-11-12 04:50:00', '2024-11-12 04:50:00'
       );


INSERT INTO tbl_order (
    order_total_amount, order_total_count, delivery_status, order_status,
    delivery_fee, point_discount, coupon_id, coupon_discount, discount_amount,
    recipient_name, recipient_phone_number, postal_code, address_road, address_detail,
    address_name, delivery_note, tracking_number, user_id, created_at, updated_at)
VALUES (
           69243, 3, 'pending', 'completed',
           0, 0, 1, 5000, 4200,
           '최지현', '010-5527-3961', '94283', '인천광역시 남동구', '9층 338호',
           '집', '출입문 앞에 두세요', NULL, 2, '2024-11-22 04:31:00', '2024-11-22 04:31:00'
       );


INSERT INTO tbl_order (
    order_total_amount, order_total_count, delivery_status, order_status,
    delivery_fee, point_discount, coupon_id, coupon_discount, discount_amount,
    recipient_name, recipient_phone_number, postal_code, address_road, address_detail,
    address_name, delivery_note, tracking_number, user_id, created_at, updated_at)
VALUES (
           72580, 2, 'pending', 'completed',
           3000, 0, 1, 5000, 4357,
           '송지호', '010-8547-2132', '19044', '울산광역시 남구', '9층 130호',
           '집', '배송 시 전화해주세요', NULL, 5, '2024-11-10 16:46:00', '2024-11-10 16:46:00'
       );


INSERT INTO tbl_order (
    order_total_amount, order_total_count, delivery_status, order_status,
    delivery_fee, point_discount, coupon_id, coupon_discount, discount_amount,
    recipient_name, recipient_phone_number, postal_code, address_road, address_detail,
    address_name, delivery_note, tracking_number, user_id, created_at, updated_at)
VALUES (
           147724, 3, 'pending', 'completed',
           0, 0, 1, 5000, 2532,
           '조민재', '010-1803-7960', '35532', '울산광역시 남구', '8층 836호',
           '집', '부재 시 경비실에 맡겨주세요', NULL, 6, '2024-11-24 01:39:00', '2024-11-24 01:39:00'
       );


INSERT INTO tbl_order (
    order_total_amount, order_total_count, delivery_status, order_status,
    delivery_fee, point_discount, coupon_id, coupon_discount, discount_amount,
    recipient_name, recipient_phone_number, postal_code, address_road, address_detail,
    address_name, delivery_note, tracking_number, user_id, created_at, updated_at)
VALUES (
           122163, 2, 'pending', 'completed',
           5000, 0, 1, 5000, 1845,
           '최지현', '010-8057-8104', '72770', '경기도 수원시', '4층 871호',
           '집', '출입문 앞에 두세요', NULL, 4, '2024-11-05 16:38:00', '2024-11-05 16:38:00'
       );


INSERT INTO tbl_order (
    order_total_amount, order_total_count, delivery_status, order_status,
    delivery_fee, point_discount, coupon_id, coupon_discount, discount_amount,
    recipient_name, recipient_phone_number, postal_code, address_road, address_detail,
    address_name, delivery_note, tracking_number, user_id, created_at, updated_at)
VALUES (
           63191, 1, 'pending', 'completed',
           5000, 0, 1, 5000, 2589,
           '홍길동', '010-2938-9046', '69438', '경기도 성남시', '10층 322호',
           '집', '문 앞에 두세요', NULL, 2, '2024-11-28 22:17:00', '2024-11-28 22:17:00'
       );


INSERT INTO tbl_order (
    order_total_amount, order_total_count, delivery_status, order_status,
    delivery_fee, point_discount, coupon_id, coupon_discount, discount_amount,
    recipient_name, recipient_phone_number, postal_code, address_road, address_detail,
    address_name, delivery_note, tracking_number, user_id, created_at, updated_at)
VALUES (
           101717, 5, 'pending', 'completed',
           5000, 0, 1, 5000, 3277,
           '최지현', '010-2988-3188', '22435', '서울특별시 종로구', '8층 882호',
           '집', '문 앞에 두세요', NULL, 4, '2024-11-25 19:03:00', '2024-11-25 19:03:00'
       );


INSERT INTO tbl_order (
    order_total_amount, order_total_count, delivery_status, order_status,
    delivery_fee, point_discount, coupon_id, coupon_discount, discount_amount,
    recipient_name, recipient_phone_number, postal_code, address_road, address_detail,
    address_name, delivery_note, tracking_number, user_id, created_at, updated_at)
VALUES (
           143076, 5, 'pending', 'completed',
           5000, 0, 1, 5000, 1452,
           '홍길동', '010-6104-1913', '45538', '인천광역시 남동구', '1층 469호',
           '집', '부재 시 경비실에 맡겨주세요', NULL, 1, '2024-11-21 11:23:00', '2024-11-21 11:23:00'
       );


INSERT INTO tbl_order (
    order_total_amount, order_total_count, delivery_status, order_status,
    delivery_fee, point_discount, coupon_id, coupon_discount, discount_amount,
    recipient_name, recipient_phone_number, postal_code, address_road, address_detail,
    address_name, delivery_note, tracking_number, user_id, created_at, updated_at)
VALUES (
           142129, 4, 'pending', 'completed',
           3000, 0, 1, 5000, 4598,
           '홍길동', '010-3871-7597', '25559', '울산광역시 남구', '7층 762호',
           '집', '배송 시 전화해주세요', NULL, 5, '2024-11-29 14:37:00', '2024-11-29 14:37:00'
       );


INSERT INTO tbl_order (
    order_total_amount, order_total_count, delivery_status, order_status,
    delivery_fee, point_discount, coupon_id, coupon_discount, discount_amount,
    recipient_name, recipient_phone_number, postal_code, address_road, address_detail,
    address_name, delivery_note, tracking_number, user_id, created_at, updated_at)
VALUES (
           103031, 3, 'pending', 'completed',
           0, 0, 1, 5000, 3261,
           '정다은', '010-7312-5122', '12151', '대구광역시 중구', '4층 742호',
           '집', '출입문 앞에 두세요', NULL, 2, '2024-11-12 19:18:00', '2024-11-12 19:18:00'
       );


INSERT INTO tbl_order (
    order_total_amount, order_total_count, delivery_status, order_status,
    delivery_fee, point_discount, coupon_id, coupon_discount, discount_amount,
    recipient_name, recipient_phone_number, postal_code, address_road, address_detail,
    address_name, delivery_note, tracking_number, user_id, created_at, updated_at)
VALUES (
           103604, 2, 'pending', 'completed',
           5000, 0, 1, 5000, 3406,
           '최지현', '010-7952-5159', '57922', '대전광역시 서구', '10층 649호',
           '집', '배송 전 연락 바랍니다', NULL, 5, '2024-11-14 11:06:00', '2024-11-14 11:06:00'
       );


INSERT INTO tbl_order (
    order_total_amount, order_total_count, delivery_status, order_status,
    delivery_fee, point_discount, coupon_id, coupon_discount, discount_amount,
    recipient_name, recipient_phone_number, postal_code, address_road, address_detail,
    address_name, delivery_note, tracking_number, user_id, created_at, updated_at)
VALUES (
           78366, 2, 'pending', 'completed',
           3000, 0, 1, 5000, 3967,
           '최지현', '010-5843-1237', '55762', '경기도 수원시', '3층 957호',
           '집', '부재 시 경비실에 맡겨주세요', NULL, 6, '2024-11-24 03:55:00', '2024-11-24 03:55:00'
       );


INSERT INTO tbl_order (
    order_total_amount, order_total_count, delivery_status, order_status,
    delivery_fee, point_discount, coupon_id, coupon_discount, discount_amount,
    recipient_name, recipient_phone_number, postal_code, address_road, address_detail,
    address_name, delivery_note, tracking_number, user_id, created_at, updated_at)
VALUES (
           119839, 5, 'pending', 'completed',
           3000, 0, 1, 5000, 4057,
           '최지현', '010-1135-6073', '86749', '대전광역시 서구', '9층 841호',
           '집', '출입문 앞에 두세요', NULL, 4, '2024-12-04 04:41:00', '2024-12-04 04:41:00'
       );


INSERT INTO tbl_order (
    order_total_amount, order_total_count, delivery_status, order_status,
    delivery_fee, point_discount, coupon_id, coupon_discount, discount_amount,
    recipient_name, recipient_phone_number, postal_code, address_road, address_detail,
    address_name, delivery_note, tracking_number, user_id, created_at, updated_at)
VALUES (
           96331, 5, 'pending', 'completed',
           5000, 0, 1, 5000, 2066,
           '송지호', '010-4643-6882', '22982', '경기도 수원시', '1층 244호',
           '집', '출입문 앞에 두세요', NULL, 5, '2024-11-18 04:29:00', '2024-11-18 04:29:00'
       );


INSERT INTO tbl_order (
    order_total_amount, order_total_count, delivery_status, order_status,
    delivery_fee, point_discount, coupon_id, coupon_discount, discount_amount,
    recipient_name, recipient_phone_number, postal_code, address_road, address_detail,
    address_name, delivery_note, tracking_number, user_id, created_at, updated_at)
VALUES (
           54349, 1, 'pending', 'completed',
           3000, 0, 1, 5000, 1578,
           '김영희', '010-6441-8242', '78671', '광주광역시 북구', '1층 622호',
           '집', '출입문 앞에 두세요', NULL, 2, '2024-11-11 16:10:00', '2024-11-11 16:10:00'
       );


INSERT INTO tbl_order (
    order_total_amount, order_total_count, delivery_status, order_status,
    delivery_fee, point_discount, coupon_id, coupon_discount, discount_amount,
    recipient_name, recipient_phone_number, postal_code, address_road, address_detail,
    address_name, delivery_note, tracking_number, user_id, created_at, updated_at)
VALUES (
           110601, 4, 'pending', 'completed',
           0, 0, 1, 5000, 4113,
           '한예슬', '010-4868-4491', '43842', '인천광역시 남동구', '10층 552호',
           '집', '출입문 앞에 두세요', NULL, 4, '2024-11-22 05:55:00', '2024-11-22 05:55:00'
       );


INSERT INTO tbl_order (
    order_total_amount, order_total_count, delivery_status, order_status,
    delivery_fee, point_discount, coupon_id, coupon_discount, discount_amount,
    recipient_name, recipient_phone_number, postal_code, address_road, address_detail,
    address_name, delivery_note, tracking_number, user_id, created_at, updated_at)
VALUES (
           68752, 5, 'pending', 'completed',
           3000, 0, 1, 5000, 3995,
           '박민수', '010-2462-2998', '26345', '인천광역시 남동구', '9층 727호',
           '집', '배송 시 전화해주세요', NULL, 6, '2024-11-22 00:13:00', '2024-11-22 00:13:00'
       );


INSERT INTO tbl_order (
    order_total_amount, order_total_count, delivery_status, order_status,
    delivery_fee, point_discount, coupon_id, coupon_discount, discount_amount,
    recipient_name, recipient_phone_number, postal_code, address_road, address_detail,
    address_name, delivery_note, tracking_number, user_id, created_at, updated_at)
VALUES (
           148866, 4, 'pending', 'completed',
           3000, 0, 1, 5000, 1803,
           '정다은', '010-6204-8844', '82087', '울산광역시 남구', '1층 653호',
           '집', '문 앞에 두세요', NULL, 1, '2024-11-12 14:44:00', '2024-11-12 14:44:00'
       );


INSERT INTO tbl_order (
    order_total_amount, order_total_count, delivery_status, order_status,
    delivery_fee, point_discount, coupon_id, coupon_discount, discount_amount,
    recipient_name, recipient_phone_number, postal_code, address_road, address_detail,
    address_name, delivery_note, tracking_number, user_id, created_at, updated_at)
VALUES (
           137424, 4, 'pending', 'completed',
           0, 0, 1, 5000, 1122,
           '홍길동', '010-4580-2379', '26010', '울산광역시 남구', '4층 873호',
           '집', '부재 시 경비실에 맡겨주세요', NULL, 2, '2024-11-23 12:15:00', '2024-11-23 12:15:00'
       );


INSERT INTO tbl_order (
    order_total_amount, order_total_count, delivery_status, order_status,
    delivery_fee, point_discount, coupon_id, coupon_discount, discount_amount,
    recipient_name, recipient_phone_number, postal_code, address_road, address_detail,
    address_name, delivery_note, tracking_number, user_id, created_at, updated_at)
VALUES (
           88157, 1, 'pending', 'completed',
           5000, 0, 1, 5000, 3999,
           '유현진', '010-3693-2064', '85644', '경기도 성남시', '2층 211호',
           '집', '문 앞에 두세요', NULL, 2, '2024-12-02 06:10:00', '2024-12-02 06:10:00'
       );


INSERT INTO tbl_order (
    order_total_amount, order_total_count, delivery_status, order_status,
    delivery_fee, point_discount, coupon_id, coupon_discount, discount_amount,
    recipient_name, recipient_phone_number, postal_code, address_road, address_detail,
    address_name, delivery_note, tracking_number, user_id, created_at, updated_at)
VALUES (
           110713, 3, 'pending', 'completed',
           0, 0, 1, 5000, 2962,
           '최지현', '010-9529-2926', '43724', '부산광역시 해운대구', '8층 169호',
           '집', '출입문 앞에 두세요', NULL, 4, '2024-11-30 02:49:00', '2024-11-30 02:49:00'
       );


INSERT INTO tbl_order (
    order_total_amount, order_total_count, delivery_status, order_status,
    delivery_fee, point_discount, coupon_id, coupon_discount, discount_amount,
    recipient_name, recipient_phone_number, postal_code, address_road, address_detail,
    address_name, delivery_note, tracking_number, user_id, created_at, updated_at)
VALUES (
           117623, 2, 'pending', 'completed',
           3000, 0, 1, 5000, 2226,
           '정다은', '010-3781-1253', '48856', '울산광역시 남구', '9층 161호',
           '집', '배송 시 전화해주세요', NULL, 6, '2024-11-22 10:22:00', '2024-11-22 10:22:00'
       );


INSERT INTO tbl_order (
    order_total_amount, order_total_count, delivery_status, order_status,
    delivery_fee, point_discount, coupon_id, coupon_discount, discount_amount,
    recipient_name, recipient_phone_number, postal_code, address_road, address_detail,
    address_name, delivery_note, tracking_number, user_id, created_at, updated_at)
VALUES (
           147668, 4, 'pending', 'completed',
           5000, 0, 1, 5000, 2902,
           '한예슬', '010-2789-7605', '78888', '경기도 수원시', '5층 713호',
           '집', '부재 시 경비실에 맡겨주세요', NULL, 5, '2024-11-09 00:20:00', '2024-11-09 00:20:00'
       );


INSERT INTO tbl_order (
    order_total_amount, order_total_count, delivery_status, order_status,
    delivery_fee, point_discount, coupon_id, coupon_discount, discount_amount,
    recipient_name, recipient_phone_number, postal_code, address_road, address_detail,
    address_name, delivery_note, tracking_number, user_id, created_at, updated_at)
VALUES (
           57517, 3, 'pending', 'completed',
           3000, 0, 1, 5000, 2402,
           '한예슬', '010-7698-1145', '32733', '서울특별시 종로구', '7층 372호',
           '집', '배송 전 연락 바랍니다', NULL, 4, '2024-11-10 06:25:00', '2024-11-10 06:25:00'
       );


INSERT INTO tbl_order (
    order_total_amount, order_total_count, delivery_status, order_status,
    delivery_fee, point_discount, coupon_id, coupon_discount, discount_amount,
    recipient_name, recipient_phone_number, postal_code, address_road, address_detail,
    address_name, delivery_note, tracking_number, user_id, created_at, updated_at)
VALUES (
           139526, 1, 'pending', 'completed',
           5000, 0, 1, 5000, 2329,
           '최지현', '010-3627-3642', '42078', '대구광역시 중구', '8층 320호',
           '집', '출입문 앞에 두세요', NULL, 1, '2024-11-14 22:11:00', '2024-11-14 22:11:00'
       );


INSERT INTO tbl_order (
    order_total_amount, order_total_count, delivery_status, order_status,
    delivery_fee, point_discount, coupon_id, coupon_discount, discount_amount,
    recipient_name, recipient_phone_number, postal_code, address_road, address_detail,
    address_name, delivery_note, tracking_number, user_id, created_at, updated_at)
VALUES (
           122815, 3, 'pending', 'completed',
           3000, 0, 1, 5000, 596,
           '정다은', '010-6240-7344', '82090', '대전광역시 서구', '8층 859호',
           '집', '부재 시 경비실에 맡겨주세요', NULL, 5, '2024-11-29 04:53:00', '2024-11-29 04:53:00'
       );


INSERT INTO tbl_order (
    order_total_amount, order_total_count, delivery_status, order_status,
    delivery_fee, point_discount, coupon_id, coupon_discount, discount_amount,
    recipient_name, recipient_phone_number, postal_code, address_road, address_detail,
    address_name, delivery_note, tracking_number, user_id, created_at, updated_at)
VALUES (
           138680, 2, 'pending', 'completed',
           0, 0, 1, 5000, 3829,
           '유현진', '010-6498-5847', '59703', '대구광역시 중구', '10층 282호',
           '집', '부재 시 경비실에 맡겨주세요', NULL, 4, '2024-11-07 00:07:00', '2024-11-07 00:07:00'
       );


INSERT INTO tbl_order (
    order_total_amount, order_total_count, delivery_status, order_status,
    delivery_fee, point_discount, coupon_id, coupon_discount, discount_amount,
    recipient_name, recipient_phone_number, postal_code, address_road, address_detail,
    address_name, delivery_note, tracking_number, user_id, created_at, updated_at)
VALUES (
           61871, 4, 'pending', 'completed',
           0, 0, 1, 5000, 673,
           '홍길동', '010-3692-8217', '97442', '경기도 성남시', '7층 828호',
           '집', '배송 시 전화해주세요', NULL, 4, '2024-12-02 15:29:00', '2024-12-02 15:29:00'
       );


INSERT INTO tbl_order (
    order_total_amount, order_total_count, delivery_status, order_status,
    delivery_fee, point_discount, coupon_id, coupon_discount, discount_amount,
    recipient_name, recipient_phone_number, postal_code, address_road, address_detail,
    address_name, delivery_note, tracking_number, user_id, created_at, updated_at)
VALUES (
           126548, 3, 'pending', 'completed',
           3000, 0, 1, 5000, 1489,
           '최지현', '010-9597-8040', '37694', '울산광역시 남구', '5층 734호',
           '집', '배송 시 전화해주세요', NULL, 6, '2024-11-07 07:05:00', '2024-11-07 07:05:00'
       );


INSERT INTO tbl_order (
    order_total_amount, order_total_count, delivery_status, order_status,
    delivery_fee, point_discount, coupon_id, coupon_discount, discount_amount,
    recipient_name, recipient_phone_number, postal_code, address_road, address_detail,
    address_name, delivery_note, tracking_number, user_id, created_at, updated_at)
VALUES (
           108743, 5, 'pending', 'completed',
           5000, 0, 1, 5000, 4588,
           '박민수', '010-8777-2657', '31508', '경기도 성남시', '4층 712호',
           '집', '배송 시 전화해주세요', NULL, 6, '2024-11-28 07:21:00', '2024-11-28 07:21:00'
       );


INSERT INTO tbl_order (
    order_total_amount, order_total_count, delivery_status, order_status,
    delivery_fee, point_discount, coupon_id, coupon_discount, discount_amount,
    recipient_name, recipient_phone_number, postal_code, address_road, address_detail,
    address_name, delivery_note, tracking_number, user_id, created_at, updated_at)
VALUES (
           114221, 3, 'pending', 'completed',
           0, 0, 1, 5000, 1810,
           '홍길동', '010-8154-1244', '56928', '대전광역시 서구', '2층 822호',
           '집', '출입문 앞에 두세요', NULL, 3, '2024-11-28 18:14:00', '2024-11-28 18:14:00'
       );


INSERT INTO tbl_order (
    order_total_amount, order_total_count, delivery_status, order_status,
    delivery_fee, point_discount, coupon_id, coupon_discount, discount_amount,
    recipient_name, recipient_phone_number, postal_code, address_road, address_detail,
    address_name, delivery_note, tracking_number, user_id, created_at, updated_at)
VALUES (
           58196, 1, 'pending', 'completed',
           3000, 0, 1, 5000, 3345,
           '김영희', '010-8855-7338', '65770', '부산광역시 해운대구', '1층 424호',
           '집', '문 앞에 두세요', NULL, 1, '2024-11-06 19:33:00', '2024-11-06 19:33:00'
       );


INSERT INTO tbl_order (
    order_total_amount, order_total_count, delivery_status, order_status,
    delivery_fee, point_discount, coupon_id, coupon_discount, discount_amount,
    recipient_name, recipient_phone_number, postal_code, address_road, address_detail,
    address_name, delivery_note, tracking_number, user_id, created_at, updated_at)
VALUES (
           103025, 1, 'pending', 'completed',
           0, 0, 1, 5000, 1259,
           '김영희', '010-4699-5197', '85584', '경기도 수원시', '8층 888호',
           '집', '부재 시 경비실에 맡겨주세요', NULL, 4, '2024-11-07 17:30:00', '2024-11-07 17:30:00'
       );


INSERT INTO tbl_order (
    order_total_amount, order_total_count, delivery_status, order_status,
    delivery_fee, point_discount, coupon_id, coupon_discount, discount_amount,
    recipient_name, recipient_phone_number, postal_code, address_road, address_detail,
    address_name, delivery_note, tracking_number, user_id, created_at, updated_at)
VALUES (
           73286, 1, 'pending', 'completed',
           3000, 0, 1, 5000, 2984,
           '이철수', '010-3241-1812', '48339', '경기도 수원시', '6층 266호',
           '집', '부재 시 경비실에 맡겨주세요', NULL, 1, '2024-12-01 03:13:00', '2024-12-01 03:13:00'
       );


INSERT INTO tbl_order (
    order_total_amount, order_total_count, delivery_status, order_status,
    delivery_fee, point_discount, coupon_id, coupon_discount, discount_amount,
    recipient_name, recipient_phone_number, postal_code, address_road, address_detail,
    address_name, delivery_note, tracking_number, user_id, created_at, updated_at)
VALUES (
           80492, 4, 'pending', 'completed',
           0, 0, 1, 5000, 1166,
           '한예슬', '010-3846-9658', '36831', '대전광역시 서구', '1층 257호',
           '집', '부재 시 경비실에 맡겨주세요', NULL, 3, '2024-11-06 05:36:00', '2024-11-06 05:36:00'
       );


INSERT INTO tbl_order (
    order_total_amount, order_total_count, delivery_status, order_status,
    delivery_fee, point_discount, coupon_id, coupon_discount, discount_amount,
    recipient_name, recipient_phone_number, postal_code, address_road, address_detail,
    address_name, delivery_note, tracking_number, user_id, created_at, updated_at)
VALUES (
           133460, 2, 'pending', 'completed',
           0, 0, 1, 5000, 3340,
           '한예슬', '010-8343-2347', '77976', '울산광역시 남구', '1층 136호',
           '집', '출입문 앞에 두세요', NULL, 3, '2024-12-01 17:49:00', '2024-12-01 17:49:00'
       );


INSERT INTO tbl_order (
    order_total_amount, order_total_count, delivery_status, order_status,
    delivery_fee, point_discount, coupon_id, coupon_discount, discount_amount,
    recipient_name, recipient_phone_number, postal_code, address_road, address_detail,
    address_name, delivery_note, tracking_number, user_id, created_at, updated_at)
VALUES (
           72811, 5, 'pending', 'completed',
           3000, 0, 1, 5000, 3107,
           '박민수', '010-6150-1838', '63488', '경기도 수원시', '2층 545호',
           '집', '배송 시 전화해주세요', NULL, 2, '2024-11-29 20:41:00', '2024-11-29 20:41:00'
       );


INSERT INTO tbl_order (
    order_total_amount, order_total_count, delivery_status, order_status,
    delivery_fee, point_discount, coupon_id, coupon_discount, discount_amount,
    recipient_name, recipient_phone_number, postal_code, address_road, address_detail,
    address_name, delivery_note, tracking_number, user_id, created_at, updated_at)
VALUES (
           79153, 2, 'pending', 'completed',
           5000, 0, 1, 5000, 2444,
           '박민수', '010-5682-2127', '29639', '경기도 성남시', '7층 155호',
           '집', '배송 전 연락 바랍니다', NULL, 6, '2024-11-09 21:41:00', '2024-11-09 21:41:00'
       );


INSERT INTO tbl_order (
    order_total_amount, order_total_count, delivery_status, order_status,
    delivery_fee, point_discount, coupon_id, coupon_discount, discount_amount,
    recipient_name, recipient_phone_number, postal_code, address_road, address_detail,
    address_name, delivery_note, tracking_number, user_id, created_at, updated_at)
VALUES (
           140824, 5, 'pending', 'completed',
           3000, 0, 1, 5000, 751,
           '송지호', '010-2900-5146', '56147', '대전광역시 서구', '3층 347호',
           '집', '출입문 앞에 두세요', NULL, 6, '2024-11-22 01:48:00', '2024-11-22 01:48:00'
       );


INSERT INTO tbl_order (
    order_total_amount, order_total_count, delivery_status, order_status,
    delivery_fee, point_discount, coupon_id, coupon_discount, discount_amount,
    recipient_name, recipient_phone_number, postal_code, address_road, address_detail,
    address_name, delivery_note, tracking_number, user_id, created_at, updated_at)
VALUES (
           67481, 4, 'pending', 'completed',
           5000, 0, 1, 5000, 1582,
           '정다은', '010-3011-4235', '99282', '부산광역시 해운대구', '10층 275호',
           '집', '배송 전 연락 바랍니다', NULL, 4, '2024-11-30 12:44:00', '2024-11-30 12:44:00'
       );


INSERT INTO tbl_order (
    order_total_amount, order_total_count, delivery_status, order_status,
    delivery_fee, point_discount, coupon_id, coupon_discount, discount_amount,
    recipient_name, recipient_phone_number, postal_code, address_road, address_detail,
    address_name, delivery_note, tracking_number, user_id, created_at, updated_at)
VALUES (
           148958, 1, 'pending', 'completed',
           5000, 0, 1, 5000, 2651,
           '박민수', '010-4419-3488', '98073', '경기도 성남시', '6층 283호',
           '집', '문 앞에 두세요', NULL, 2, '2024-11-18 10:53:00', '2024-11-18 10:53:00'
       );


INSERT INTO tbl_order (
    order_total_amount, order_total_count, delivery_status, order_status,
    delivery_fee, point_discount, coupon_id, coupon_discount, discount_amount,
    recipient_name, recipient_phone_number, postal_code, address_road, address_detail,
    address_name, delivery_note, tracking_number, user_id, created_at, updated_at)
VALUES (
           54658, 2, 'pending', 'completed',
           0, 0, 1, 5000, 3957,
           '홍길동', '010-3359-7402', '96995', '경기도 성남시', '3층 609호',
           '집', '배송 시 전화해주세요', NULL, 5, '2024-12-04 08:29:00', '2024-12-04 08:29:00'
       );


INSERT INTO tbl_order (
    order_total_amount, order_total_count, delivery_status, order_status,
    delivery_fee, point_discount, coupon_id, coupon_discount, discount_amount,
    recipient_name, recipient_phone_number, postal_code, address_road, address_detail,
    address_name, delivery_note, tracking_number, user_id, created_at, updated_at)
VALUES (
           118613, 5, 'pending', 'completed',
           0, 0, 1, 5000, 2952,
           '한예슬', '010-2262-3870', '68735', '대구광역시 중구', '8층 530호',
           '집', '문 앞에 두세요', NULL, 5, '2024-11-09 21:31:00', '2024-11-09 21:31:00'
       );


INSERT INTO tbl_order (
    order_total_amount, order_total_count, delivery_status, order_status,
    delivery_fee, point_discount, coupon_id, coupon_discount, discount_amount,
    recipient_name, recipient_phone_number, postal_code, address_road, address_detail,
    address_name, delivery_note, tracking_number, user_id, created_at, updated_at)
VALUES (
           56613, 4, 'pending', 'completed',
           3000, 0, 1, 5000, 2688,
           '박민수', '010-3498-8445', '75004', '서울특별시 종로구', '3층 693호',
           '집', '배송 시 전화해주세요', NULL, 2, '2024-11-13 01:11:00', '2024-11-13 01:11:00'
       );


INSERT INTO tbl_order (
    order_total_amount, order_total_count, delivery_status, order_status,
    delivery_fee, point_discount, coupon_id, coupon_discount, discount_amount,
    recipient_name, recipient_phone_number, postal_code, address_road, address_detail,
    address_name, delivery_note, tracking_number, user_id, created_at, updated_at)
VALUES (
           51587, 2, 'pending', 'completed',
           3000, 0, 1, 5000, 4639,
           '한예슬', '010-7228-8936', '90070', '인천광역시 남동구', '8층 636호',
           '집', '부재 시 경비실에 맡겨주세요', NULL, 1, '2024-12-04 04:10:00', '2024-12-04 04:10:00'
       );


INSERT INTO tbl_order (
    order_total_amount, order_total_count, delivery_status, order_status,
    delivery_fee, point_discount, coupon_id, coupon_discount, discount_amount,
    recipient_name, recipient_phone_number, postal_code, address_road, address_detail,
    address_name, delivery_note, tracking_number, user_id, created_at, updated_at)
VALUES (
           98637, 5, 'pending', 'completed',
           5000, 0, 1, 5000, 4841,
           '송지호', '010-6837-6397', '92587', '경기도 성남시', '1층 269호',
           '집', '문 앞에 두세요', NULL, 2, '2024-11-08 08:14:00', '2024-11-08 08:14:00'
       );


INSERT INTO tbl_order (
    order_total_amount, order_total_count, delivery_status, order_status,
    delivery_fee, point_discount, coupon_id, coupon_discount, discount_amount,
    recipient_name, recipient_phone_number, postal_code, address_road, address_detail,
    address_name, delivery_note, tracking_number, user_id, created_at, updated_at)
VALUES (
           70879, 2, 'pending', 'completed',
           0, 0, 1, 5000, 1522,
           '조민재', '010-5405-4700', '60283', '광주광역시 북구', '9층 283호',
           '집', '배송 전 연락 바랍니다', NULL, 6, '2024-11-24 15:24:00', '2024-11-24 15:24:00'
       );


INSERT INTO tbl_order (
    order_total_amount, order_total_count, delivery_status, order_status,
    delivery_fee, point_discount, coupon_id, coupon_discount, discount_amount,
    recipient_name, recipient_phone_number, postal_code, address_road, address_detail,
    address_name, delivery_note, tracking_number, user_id, created_at, updated_at)
VALUES (
           54032, 5, 'pending', 'completed',
           0, 0, 1, 5000, 601,
           '조민재', '010-7558-2098', '10393', '인천광역시 남동구', '3층 705호',
           '집', '문 앞에 두세요', NULL, 2, '2024-12-02 18:26:00', '2024-12-02 18:26:00'
       );


INSERT INTO tbl_order (
    order_total_amount, order_total_count, delivery_status, order_status,
    delivery_fee, point_discount, coupon_id, coupon_discount, discount_amount,
    recipient_name, recipient_phone_number, postal_code, address_road, address_detail,
    address_name, delivery_note, tracking_number, user_id, created_at, updated_at)
VALUES (
           125756, 3, 'pending', 'completed',
           3000, 0, 1, 5000, 1707,
           '박민수', '010-5319-7710', '15884', '대전광역시 서구', '9층 824호',
           '집', '문 앞에 두세요', NULL, 2, '2024-11-06 07:43:00', '2024-11-06 07:43:00'
       );


INSERT INTO tbl_order (
    order_total_amount, order_total_count, delivery_status, order_status,
    delivery_fee, point_discount, coupon_id, coupon_discount, discount_amount,
    recipient_name, recipient_phone_number, postal_code, address_road, address_detail,
    address_name, delivery_note, tracking_number, user_id, created_at, updated_at)
VALUES (
           87219, 1, 'pending', 'completed',
           0, 0, 1, 5000, 3688,
           '한예슬', '010-1906-9586', '31505', '서울특별시 종로구', '10층 319호',
           '집', '출입문 앞에 두세요', NULL, 3, '2024-11-30 09:10:00', '2024-11-30 09:10:00'
       );


INSERT INTO tbl_order (
    order_total_amount, order_total_count, delivery_status, order_status,
    delivery_fee, point_discount, coupon_id, coupon_discount, discount_amount,
    recipient_name, recipient_phone_number, postal_code, address_road, address_detail,
    address_name, delivery_note, tracking_number, user_id, created_at, updated_at)
VALUES (
           55416, 3, 'pending', 'completed',
           3000, 0, 1, 5000, 4411,
           '정다은', '010-2487-3718', '54740', '대전광역시 서구', '6층 447호',
           '집', '문 앞에 두세요', NULL, 1, '2024-12-02 04:20:00', '2024-12-02 04:20:00'
       );


INSERT INTO tbl_order (
    order_total_amount, order_total_count, delivery_status, order_status,
    delivery_fee, point_discount, coupon_id, coupon_discount, discount_amount,
    recipient_name, recipient_phone_number, postal_code, address_road, address_detail,
    address_name, delivery_note, tracking_number, user_id, created_at, updated_at)
VALUES (
           99007, 1, 'pending', 'completed',
           3000, 0, 1, 5000, 4634,
           '한예슬', '010-1697-5485', '95286', '울산광역시 남구', '9층 758호',
           '집', '부재 시 경비실에 맡겨주세요', NULL, 3, '2024-11-19 13:33:00', '2024-11-19 13:33:00'
       );


INSERT INTO tbl_order (
    order_total_amount, order_total_count, delivery_status, order_status,
    delivery_fee, point_discount, coupon_id, coupon_discount, discount_amount,
    recipient_name, recipient_phone_number, postal_code, address_road, address_detail,
    address_name, delivery_note, tracking_number, user_id, created_at, updated_at)
VALUES (
           70750, 3, 'pending', 'completed',
           3000, 0, 1, 5000, 1152,
           '조민재', '010-7937-7889', '95384', '인천광역시 남동구', '9층 712호',
           '집', '배송 시 전화해주세요', NULL, 1, '2024-11-25 09:19:00', '2024-11-25 09:19:00'
       );


INSERT INTO tbl_order (
    order_total_amount, order_total_count, delivery_status, order_status,
    delivery_fee, point_discount, coupon_id, coupon_discount, discount_amount,
    recipient_name, recipient_phone_number, postal_code, address_road, address_detail,
    address_name, delivery_note, tracking_number, user_id, created_at, updated_at)
VALUES (
           72531, 1, 'pending', 'completed',
           5000, 0, 1, 5000, 4875,
           '송지호', '010-5122-3636', '56404', '경기도 성남시', '9층 556호',
           '집', '부재 시 경비실에 맡겨주세요', NULL, 1, '2024-12-02 18:06:00', '2024-12-02 18:06:00'
       );


INSERT INTO tbl_order (
    order_total_amount, order_total_count, delivery_status, order_status,
    delivery_fee, point_discount, coupon_id, coupon_discount, discount_amount,
    recipient_name, recipient_phone_number, postal_code, address_road, address_detail,
    address_name, delivery_note, tracking_number, user_id, created_at, updated_at)
VALUES (
           81362, 4, 'pending', 'completed',
           3000, 0, 1, 5000, 3301,
           '이철수', '010-6579-5223', '54856', '서울특별시 종로구', '9층 485호',
           '집', '배송 전 연락 바랍니다', NULL, 1, '2024-11-11 21:45:00', '2024-11-11 21:45:00'
       );


INSERT INTO tbl_order (
    order_total_amount, order_total_count, delivery_status, order_status,
    delivery_fee, point_discount, coupon_id, coupon_discount, discount_amount,
    recipient_name, recipient_phone_number, postal_code, address_road, address_detail,
    address_name, delivery_note, tracking_number, user_id, created_at, updated_at)
VALUES (
           102615, 4, 'pending', 'completed',
           5000, 0, 1, 5000, 2447,
           '한예슬', '010-1191-8464', '43613', '대전광역시 서구', '8층 376호',
           '집', '문 앞에 두세요', NULL, 3, '2024-11-04 07:00:00', '2024-11-04 07:00:00'
       );


INSERT INTO tbl_order (
    order_total_amount, order_total_count, delivery_status, order_status,
    delivery_fee, point_discount, coupon_id, coupon_discount, discount_amount,
    recipient_name, recipient_phone_number, postal_code, address_road, address_detail,
    address_name, delivery_note, tracking_number, user_id, created_at, updated_at)
VALUES (
           54833, 2, 'pending', 'completed',
           0, 0, 1, 5000, 3942,
           '박민수', '010-4666-5946', '19457', '부산광역시 해운대구', '10층 394호',
           '집', '배송 시 전화해주세요', NULL, 3, '2024-11-30 13:55:00', '2024-11-30 13:55:00'
       );


INSERT INTO tbl_order (
    order_total_amount, order_total_count, delivery_status, order_status,
    delivery_fee, point_discount, coupon_id, coupon_discount, discount_amount,
    recipient_name, recipient_phone_number, postal_code, address_road, address_detail,
    address_name, delivery_note, tracking_number, user_id, created_at, updated_at)
VALUES (
           87621, 1, 'pending', 'completed',
           3000, 0, 1, 5000, 653,
           '한예슬', '010-5799-5445', '56184', '경기도 수원시', '1층 242호',
           '집', '배송 전 연락 바랍니다', NULL, 1, '2024-11-28 02:41:00', '2024-11-28 02:41:00'
       );


INSERT INTO tbl_order (
    order_total_amount, order_total_count, delivery_status, order_status,
    delivery_fee, point_discount, coupon_id, coupon_discount, discount_amount,
    recipient_name, recipient_phone_number, postal_code, address_road, address_detail,
    address_name, delivery_note, tracking_number, user_id, created_at, updated_at)
VALUES (
           80068, 3, 'pending', 'completed',
           5000, 0, 1, 5000, 3676,
           '한예슬', '010-8052-8542', '57635', '대구광역시 중구', '7층 267호',
           '집', '문 앞에 두세요', NULL, 3, '2024-11-17 18:14:00', '2024-11-17 18:14:00'
       );


INSERT INTO tbl_order (
    order_total_amount, order_total_count, delivery_status, order_status,
    delivery_fee, point_discount, coupon_id, coupon_discount, discount_amount,
    recipient_name, recipient_phone_number, postal_code, address_road, address_detail,
    address_name, delivery_note, tracking_number, user_id, created_at, updated_at)
VALUES (
           128733, 3, 'pending', 'completed',
           0, 0, 1, 5000, 3835,
           '이철수', '010-9776-7628', '32531', '경기도 성남시', '1층 124호',
           '집', '배송 전 연락 바랍니다', NULL, 1, '2024-12-01 14:04:00', '2024-12-01 14:04:00'
       );


INSERT INTO tbl_order (
    order_total_amount, order_total_count, delivery_status, order_status,
    delivery_fee, point_discount, coupon_id, coupon_discount, discount_amount,
    recipient_name, recipient_phone_number, postal_code, address_road, address_detail,
    address_name, delivery_note, tracking_number, user_id, created_at, updated_at)
VALUES (
           102299, 1, 'pending', 'completed',
           3000, 0, 1, 5000, 2200,
           '조민재', '010-9641-4746', '92595', '대구광역시 중구', '4층 360호',
           '집', '배송 시 전화해주세요', NULL, 2, '2024-11-09 01:47:00', '2024-11-09 01:47:00'
       );


INSERT INTO tbl_order (
    order_total_amount, order_total_count, delivery_status, order_status,
    delivery_fee, point_discount, coupon_id, coupon_discount, discount_amount,
    recipient_name, recipient_phone_number, postal_code, address_road, address_detail,
    address_name, delivery_note, tracking_number, user_id, created_at, updated_at)
VALUES (
           77146, 3, 'pending', 'completed',
           3000, 0, 1, 5000, 1161,
           '홍길동', '010-3651-3290', '66530', '경기도 수원시', '3층 855호',
           '집', '배송 시 전화해주세요', NULL, 4, '2024-11-05 03:07:00', '2024-11-05 03:07:00'
       );


INSERT INTO tbl_order (
    order_total_amount, order_total_count, delivery_status, order_status,
    delivery_fee, point_discount, coupon_id, coupon_discount, discount_amount,
    recipient_name, recipient_phone_number, postal_code, address_road, address_detail,
    address_name, delivery_note, tracking_number, user_id, created_at, updated_at)
VALUES (
           60900, 5, 'pending', 'completed',
           5000, 0, 1, 5000, 2555,
           '이철수', '010-6518-7504', '61498', '부산광역시 해운대구', '1층 477호',
           '집', '출입문 앞에 두세요', NULL, 3, '2024-11-22 10:34:00', '2024-11-22 10:34:00'
       );


INSERT INTO tbl_order (
    order_total_amount, order_total_count, delivery_status, order_status,
    delivery_fee, point_discount, coupon_id, coupon_discount, discount_amount,
    recipient_name, recipient_phone_number, postal_code, address_road, address_detail,
    address_name, delivery_note, tracking_number, user_id, created_at, updated_at)
VALUES (
           134659, 3, 'pending', 'completed',
           0, 0, 1, 5000, 4100,
           '조민재', '010-2920-5432', '26850', '울산광역시 남구', '1층 462호',
           '집', '출입문 앞에 두세요', NULL, 4, '2024-11-22 19:34:00', '2024-11-22 19:34:00'
       );


INSERT INTO tbl_order (
    order_total_amount, order_total_count, delivery_status, order_status,
    delivery_fee, point_discount, coupon_id, coupon_discount, discount_amount,
    recipient_name, recipient_phone_number, postal_code, address_road, address_detail,
    address_name, delivery_note, tracking_number, user_id, created_at, updated_at)
VALUES (
           114158, 3, 'pending', 'completed',
           3000, 0, 1, 5000, 4816,
           '최지현', '010-2945-6865', '76899', '울산광역시 남구', '3층 346호',
           '집', '배송 전 연락 바랍니다', NULL, 1, '2024-11-13 13:57:00', '2024-11-13 13:57:00'
       );


INSERT INTO tbl_order (
    order_total_amount, order_total_count, delivery_status, order_status,
    delivery_fee, point_discount, coupon_id, coupon_discount, discount_amount,
    recipient_name, recipient_phone_number, postal_code, address_road, address_detail,
    address_name, delivery_note, tracking_number, user_id, created_at, updated_at)
VALUES (
           140574, 4, 'pending', 'completed',
           3000, 0, 1, 5000, 4299,
           '한예슬', '010-7250-7490', '30363', '경기도 수원시', '2층 697호',
           '집', '출입문 앞에 두세요', NULL, 1, '2024-11-12 09:38:00', '2024-11-12 09:38:00'
       );


INSERT INTO tbl_order (
    order_total_amount, order_total_count, delivery_status, order_status,
    delivery_fee, point_discount, coupon_id, coupon_discount, discount_amount,
    recipient_name, recipient_phone_number, postal_code, address_road, address_detail,
    address_name, delivery_note, tracking_number, user_id, created_at, updated_at)
VALUES (
           50352, 1, 'pending', 'completed',
           0, 0, 1, 5000, 3787,
           '이철수', '010-2823-1857', '26625', '서울특별시 종로구', '5층 974호',
           '집', '배송 전 연락 바랍니다', NULL, 3, '2024-11-23 02:19:00', '2024-11-23 02:19:00'
       );


INSERT INTO tbl_order (
    order_total_amount, order_total_count, delivery_status, order_status,
    delivery_fee, point_discount, coupon_id, coupon_discount, discount_amount,
    recipient_name, recipient_phone_number, postal_code, address_road, address_detail,
    address_name, delivery_note, tracking_number, user_id, created_at, updated_at)
VALUES (
           109005, 1, 'pending', 'completed',
           0, 0, 1, 5000, 614,
           '유현진', '010-1311-3276', '57007', '부산광역시 해운대구', '5층 129호',
           '집', '배송 전 연락 바랍니다', NULL, 4, '2024-11-20 11:18:00', '2024-11-20 11:18:00'
       );


INSERT INTO tbl_order (
    order_total_amount, order_total_count, delivery_status, order_status,
    delivery_fee, point_discount, coupon_id, coupon_discount, discount_amount,
    recipient_name, recipient_phone_number, postal_code, address_road, address_detail,
    address_name, delivery_note, tracking_number, user_id, created_at, updated_at)
VALUES (
           107601, 3, 'pending', 'completed',
           0, 0, 1, 5000, 4864,
           '김영희', '010-8101-9236', '28849', '경기도 수원시', '6층 261호',
           '집', '배송 시 전화해주세요', NULL, 5, '2024-11-20 21:26:00', '2024-11-20 21:26:00'
       );


INSERT INTO tbl_order (
    order_total_amount, order_total_count, delivery_status, order_status,
    delivery_fee, point_discount, coupon_id, coupon_discount, discount_amount,
    recipient_name, recipient_phone_number, postal_code, address_road, address_detail,
    address_name, delivery_note, tracking_number, user_id, created_at, updated_at)
VALUES (
           149915, 2, 'pending', 'completed',
           3000, 0, 1, 5000, 1330,
           '조민재', '010-9647-7056', '93034', '인천광역시 남동구', '9층 982호',
           '집', '배송 전 연락 바랍니다', NULL, 6, '2024-11-26 21:10:00', '2024-11-26 21:10:00'
       );


INSERT INTO tbl_order (
    order_total_amount, order_total_count, delivery_status, order_status,
    delivery_fee, point_discount, coupon_id, coupon_discount, discount_amount,
    recipient_name, recipient_phone_number, postal_code, address_road, address_detail,
    address_name, delivery_note, tracking_number, user_id, created_at, updated_at)
VALUES (
           67003, 4, 'pending', 'completed',
           5000, 0, 1, 5000, 634,
           '조민재', '010-8408-9735', '86810', '인천광역시 남동구', '2층 393호',
           '집', '배송 전 연락 바랍니다', NULL, 2, '2024-12-01 04:45:00', '2024-12-01 04:45:00'
       );


INSERT INTO tbl_order (
    order_total_amount, order_total_count, delivery_status, order_status,
    delivery_fee, point_discount, coupon_id, coupon_discount, discount_amount,
    recipient_name, recipient_phone_number, postal_code, address_road, address_detail,
    address_name, delivery_note, tracking_number, user_id, created_at, updated_at)
VALUES (
           70924, 4, 'pending', 'completed',
           3000, 0, 1, 5000, 4447,
           '한예슬', '010-9185-1475', '98091', '대구광역시 중구', '6층 457호',
           '집', '문 앞에 두세요', NULL, 2, '2024-11-21 08:43:00', '2024-11-21 08:43:00'
       );


INSERT INTO tbl_shipping (tracking_number, shipping_status, order_id, ship_com_id) VALUES (null, 'pending', 1, NULL);
INSERT INTO tbl_shipping (tracking_number, shipping_status, order_id, ship_com_id) VALUES (null, 'pending', 1, NULL);
INSERT INTO tbl_shipping (tracking_number, shipping_status, order_id, ship_com_id) VALUES (null, 'pending', 1, NULL);
INSERT INTO tbl_shipping (tracking_number, shipping_status, order_id, ship_com_id) VALUES (null, 'pending', 1, NULL);
INSERT INTO tbl_shipping (tracking_number, shipping_status, order_id, ship_com_id) VALUES (null, 'pending', 2, NULL);
INSERT INTO tbl_shipping (tracking_number, shipping_status, order_id, ship_com_id) VALUES (null, 'pending', 2, NULL);
INSERT INTO tbl_shipping (tracking_number, shipping_status, order_id, ship_com_id) VALUES (null, 'pending', 3, NULL);
INSERT INTO tbl_shipping (tracking_number, shipping_status, order_id, ship_com_id) VALUES (null, 'pending', 3, NULL);
INSERT INTO tbl_shipping (tracking_number, shipping_status, order_id, ship_com_id) VALUES (null, 'pending', 4, NULL);
INSERT INTO tbl_shipping (tracking_number, shipping_status, order_id, ship_com_id) VALUES (null, 'pending', 4, NULL);
INSERT INTO tbl_shipping (tracking_number, shipping_status, order_id, ship_com_id) VALUES (null, 'pending', 5, NULL);
INSERT INTO tbl_shipping (tracking_number, shipping_status, order_id, ship_com_id) VALUES (null, 'pending', 5, NULL);
INSERT INTO tbl_shipping (tracking_number, shipping_status, order_id, ship_com_id) VALUES (null, 'pending', 6, NULL);
INSERT INTO tbl_shipping (tracking_number, shipping_status, order_id, ship_com_id) VALUES (null, 'pending', 6, NULL);
INSERT INTO tbl_shipping (tracking_number, shipping_status, order_id, ship_com_id) VALUES (null, 'pending', 7, NULL);
INSERT INTO tbl_shipping (tracking_number, shipping_status, order_id, ship_com_id) VALUES (null, 'pending', 8, NULL);
INSERT INTO tbl_shipping (tracking_number, shipping_status, order_id, ship_com_id) VALUES (null, 'pending', 9, NULL);
INSERT INTO tbl_shipping (tracking_number, shipping_status, order_id, ship_com_id) VALUES (null, 'pending', 9, NULL);
INSERT INTO tbl_shipping (tracking_number, shipping_status, order_id, ship_com_id) VALUES (null, 'pending', 10, NULL);
INSERT INTO tbl_shipping (tracking_number, shipping_status, order_id, ship_com_id) VALUES (null, 'pending', 10, NULL);
INSERT INTO tbl_shipping (tracking_number, shipping_status, order_id, ship_com_id) VALUES (null, 'pending', 11, NULL);
INSERT INTO tbl_shipping (tracking_number, shipping_status, order_id, ship_com_id) VALUES (null, 'pending', 12, NULL);
INSERT INTO tbl_shipping (tracking_number, shipping_status, order_id, ship_com_id) VALUES (null, 'pending', 12, NULL);
INSERT INTO tbl_shipping (tracking_number, shipping_status, order_id, ship_com_id) VALUES (null, 'pending', 13, NULL);
INSERT INTO tbl_shipping (tracking_number, shipping_status, order_id, ship_com_id) VALUES (null, 'pending', 13, NULL);
INSERT INTO tbl_shipping (tracking_number, shipping_status, order_id, ship_com_id) VALUES (null, 'pending', 14, NULL);
INSERT INTO tbl_shipping (tracking_number, shipping_status, order_id, ship_com_id) VALUES (null, 'pending', 14, NULL);
INSERT INTO tbl_shipping (tracking_number, shipping_status, order_id, ship_com_id) VALUES (null, 'pending', 15, NULL);
INSERT INTO tbl_shipping (tracking_number, shipping_status, order_id, ship_com_id) VALUES (null, 'pending', 16, NULL);
INSERT INTO tbl_shipping (tracking_number, shipping_status, order_id, ship_com_id) VALUES (null, 'pending', 16, NULL);
INSERT INTO tbl_shipping (tracking_number, shipping_status, order_id, ship_com_id) VALUES (null, 'pending', 17, NULL);
INSERT INTO tbl_shipping (tracking_number, shipping_status, order_id, ship_com_id) VALUES (null, 'pending', 17, NULL);
INSERT INTO tbl_shipping (tracking_number, shipping_status, order_id, ship_com_id) VALUES (null, 'pending', 18, NULL);
INSERT INTO tbl_shipping (tracking_number, shipping_status, order_id, ship_com_id) VALUES (null, 'pending', 18, NULL);
INSERT INTO tbl_shipping (tracking_number, shipping_status, order_id, ship_com_id) VALUES (null, 'pending', 19, NULL);
INSERT INTO tbl_shipping (tracking_number, shipping_status, order_id, ship_com_id) VALUES (null, 'pending', 20, NULL);
INSERT INTO tbl_shipping (tracking_number, shipping_status, order_id, ship_com_id) VALUES (null, 'pending', 20, NULL);
INSERT INTO tbl_shipping (tracking_number, shipping_status, order_id, ship_com_id) VALUES (null, 'pending', 21, NULL);
INSERT INTO tbl_shipping (tracking_number, shipping_status, order_id, ship_com_id) VALUES (null, 'pending', 22, NULL);
INSERT INTO tbl_shipping (tracking_number, shipping_status, order_id, ship_com_id) VALUES (null, 'pending', 22, NULL);
INSERT INTO tbl_shipping (tracking_number, shipping_status, order_id, ship_com_id) VALUES (null, 'pending', 21, NULL);
INSERT INTO tbl_shipping (tracking_number, shipping_status, order_id, ship_com_id) VALUES (null, 'pending', 23, NULL);
INSERT INTO tbl_shipping (tracking_number, shipping_status, order_id, ship_com_id) VALUES (null, 'pending', 24, NULL);
INSERT INTO tbl_shipping (tracking_number, shipping_status, order_id, ship_com_id) VALUES (null, 'pending', 23, NULL);
INSERT INTO tbl_shipping (tracking_number, shipping_status, order_id, ship_com_id) VALUES (null, 'pending', 24, NULL);
INSERT INTO tbl_shipping (tracking_number, shipping_status, order_id, ship_com_id) VALUES (null, 'pending', 25, NULL);
INSERT INTO tbl_shipping (tracking_number, shipping_status, order_id, ship_com_id) VALUES (null, 'pending', 25, NULL);
INSERT INTO tbl_shipping (tracking_number, shipping_status, order_id, ship_com_id) VALUES (null, 'pending', 26, NULL);
INSERT INTO tbl_shipping (tracking_number, shipping_status, order_id, ship_com_id) VALUES (null, 'pending', 26, NULL);
INSERT INTO tbl_shipping (tracking_number, shipping_status, order_id, ship_com_id) VALUES (null, 'pending', 27, NULL);
INSERT INTO tbl_shipping (tracking_number, shipping_status, order_id, ship_com_id) VALUES (null, 'pending', 27, NULL);
INSERT INTO tbl_shipping (tracking_number, shipping_status, order_id, ship_com_id) VALUES (null, 'pending', 28, NULL);
INSERT INTO tbl_shipping (tracking_number, shipping_status, order_id, ship_com_id) VALUES (null, 'pending', 28, NULL);
INSERT INTO tbl_shipping (tracking_number, shipping_status, order_id, ship_com_id) VALUES (null, 'pending', 29, NULL);
INSERT INTO tbl_shipping (tracking_number, shipping_status, order_id, ship_com_id) VALUES (null, 'pending', 29, NULL);
INSERT INTO tbl_shipping (tracking_number, shipping_status, order_id, ship_com_id) VALUES (null, 'pending', 30, NULL);
INSERT INTO tbl_shipping (tracking_number, shipping_status, order_id, ship_com_id) VALUES (null, 'pending', 30, NULL);
INSERT INTO tbl_shipping (tracking_number, shipping_status, order_id, ship_com_id) VALUES (null, 'pending', 31, NULL);
INSERT INTO tbl_shipping (tracking_number, shipping_status, order_id, ship_com_id) VALUES (null, 'pending', 31, NULL);
INSERT INTO tbl_shipping (tracking_number, shipping_status, order_id, ship_com_id) VALUES (null, 'pending', 32, NULL);
INSERT INTO tbl_shipping (tracking_number, shipping_status, order_id, ship_com_id) VALUES (null, 'pending', 32, NULL);
INSERT INTO tbl_shipping (tracking_number, shipping_status, order_id, ship_com_id) VALUES (null, 'pending', 33, NULL);
INSERT INTO tbl_shipping (tracking_number, shipping_status, order_id, ship_com_id) VALUES (null, 'pending', 33, NULL);
INSERT INTO tbl_shipping (tracking_number, shipping_status, order_id, ship_com_id) VALUES (null, 'pending', 34, NULL);
INSERT INTO tbl_shipping (tracking_number, shipping_status, order_id, ship_com_id) VALUES (null, 'pending', 34, NULL);
INSERT INTO tbl_shipping (tracking_number, shipping_status, order_id, ship_com_id) VALUES (null, 'pending', 35, NULL);
INSERT INTO tbl_shipping (tracking_number, shipping_status, order_id, ship_com_id) VALUES (null, 'pending', 35, NULL);
INSERT INTO tbl_shipping (tracking_number, shipping_status, order_id, ship_com_id) VALUES (null, 'pending', 36, NULL);
INSERT INTO tbl_shipping (tracking_number, shipping_status, order_id, ship_com_id) VALUES (null, 'pending', 36, NULL);
INSERT INTO tbl_shipping (tracking_number, shipping_status, order_id, ship_com_id) VALUES (null, 'pending', 37, NULL);
INSERT INTO tbl_shipping (tracking_number, shipping_status, order_id, ship_com_id) VALUES (null, 'pending', 37, NULL);
INSERT INTO tbl_shipping (tracking_number, shipping_status, order_id, ship_com_id) VALUES (null, 'pending', 38, NULL);
INSERT INTO tbl_shipping (tracking_number, shipping_status, order_id, ship_com_id) VALUES (null, 'pending', 38, NULL);
INSERT INTO tbl_shipping (tracking_number, shipping_status, order_id, ship_com_id) VALUES (null, 'pending', 39, NULL);
INSERT INTO tbl_shipping (tracking_number, shipping_status, order_id, ship_com_id) VALUES (null, 'pending', 39, NULL);
INSERT INTO tbl_shipping (tracking_number, shipping_status, order_id, ship_com_id) VALUES (null, 'pending', 40, NULL);
INSERT INTO tbl_shipping (tracking_number, shipping_status, order_id, ship_com_id) VALUES (null, 'pending', 40, NULL);
INSERT INTO tbl_shipping (tracking_number, shipping_status, order_id, ship_com_id) VALUES (null, 'pending', 41, NULL);
INSERT INTO tbl_shipping (tracking_number, shipping_status, order_id, ship_com_id) VALUES (null, 'pending', 42, NULL);
INSERT INTO tbl_shipping (tracking_number, shipping_status, order_id, ship_com_id) VALUES (null, 'pending', 42, NULL);
INSERT INTO tbl_shipping (tracking_number, shipping_status, order_id, ship_com_id) VALUES (null, 'pending', 43, NULL);
INSERT INTO tbl_shipping (tracking_number, shipping_status, order_id, ship_com_id) VALUES (null, 'pending', 43, NULL);
INSERT INTO tbl_shipping (tracking_number, shipping_status, order_id, ship_com_id) VALUES (null, 'pending', 44, NULL);
INSERT INTO tbl_shipping (tracking_number, shipping_status, order_id, ship_com_id) VALUES (null, 'pending', 44, NULL);
INSERT INTO tbl_shipping (tracking_number, shipping_status, order_id, ship_com_id) VALUES (null, 'pending', 45, NULL);
INSERT INTO tbl_shipping (tracking_number, shipping_status, order_id, ship_com_id) VALUES (null, 'pending', 46, NULL);
INSERT INTO tbl_shipping (tracking_number, shipping_status, order_id, ship_com_id) VALUES (null, 'pending', 46, NULL);
INSERT INTO tbl_shipping (tracking_number, shipping_status, order_id, ship_com_id) VALUES (null, 'pending', 47, NULL);
INSERT INTO tbl_shipping (tracking_number, shipping_status, order_id, ship_com_id) VALUES (null, 'pending', 47, NULL);
INSERT INTO tbl_shipping (tracking_number, shipping_status, order_id, ship_com_id) VALUES (null, 'pending', 48, NULL);
INSERT INTO tbl_shipping (tracking_number, shipping_status, order_id, ship_com_id) VALUES (null, 'pending', 48, NULL);
INSERT INTO tbl_shipping (tracking_number, shipping_status, order_id, ship_com_id) VALUES (null, 'pending', 49, NULL);
INSERT INTO tbl_shipping (tracking_number, shipping_status, order_id, ship_com_id) VALUES (null, 'pending', 49, NULL);
INSERT INTO tbl_shipping (tracking_number, shipping_status, order_id, ship_com_id) VALUES (null, 'pending', 50, NULL);
INSERT INTO tbl_shipping (tracking_number, shipping_status, order_id, ship_com_id) VALUES (null, 'pending', 50, NULL);
INSERT INTO tbl_shipping (tracking_number, shipping_status, order_id, ship_com_id) VALUES (null, 'pending', 51, NULL);
INSERT INTO tbl_shipping (tracking_number, shipping_status, order_id, ship_com_id) VALUES (null, 'pending', 51, NULL);
INSERT INTO tbl_shipping (tracking_number, shipping_status, order_id, ship_com_id) VALUES (null, 'pending', 52, NULL);
INSERT INTO tbl_shipping (tracking_number, shipping_status, order_id, ship_com_id) VALUES (null, 'pending', 52, NULL);
INSERT INTO tbl_shipping (tracking_number, shipping_status, order_id, ship_com_id) VALUES (null, 'pending', 53, NULL);
INSERT INTO tbl_shipping (tracking_number, shipping_status, order_id, ship_com_id) VALUES (null, 'pending', 53, NULL);
INSERT INTO tbl_shipping (tracking_number, shipping_status, order_id, ship_com_id) VALUES (null, 'pending', 54, NULL);
INSERT INTO tbl_shipping (tracking_number, shipping_status, order_id, ship_com_id) VALUES (null, 'pending', 54, NULL);
INSERT INTO tbl_shipping (tracking_number, shipping_status, order_id, ship_com_id) VALUES (null, 'pending', 55, NULL);
INSERT INTO tbl_shipping (tracking_number, shipping_status, order_id, ship_com_id) VALUES (null, 'pending', 55, NULL);
INSERT INTO tbl_shipping (tracking_number, shipping_status, order_id, ship_com_id) VALUES (null, 'pending', 56, NULL);
INSERT INTO tbl_shipping (tracking_number, shipping_status, order_id, ship_com_id) VALUES (null, 'pending', 56, NULL);
INSERT INTO tbl_shipping (tracking_number, shipping_status, order_id, ship_com_id) VALUES (null, 'pending', 57, NULL);
INSERT INTO tbl_shipping (tracking_number, shipping_status, order_id, ship_com_id) VALUES (null, 'pending', 57, NULL);
INSERT INTO tbl_shipping (tracking_number, shipping_status, order_id, ship_com_id) VALUES (null, 'pending', 58, NULL);
INSERT INTO tbl_shipping (tracking_number, shipping_status, order_id, ship_com_id) VALUES (null, 'pending', 58, NULL);
INSERT INTO tbl_shipping (tracking_number, shipping_status, order_id, ship_com_id) VALUES (null, 'pending', 59, NULL);
INSERT INTO tbl_shipping (tracking_number, shipping_status, order_id, ship_com_id) VALUES (null, 'pending', 60, NULL);
INSERT INTO tbl_shipping (tracking_number, shipping_status, order_id, ship_com_id) VALUES (null, 'pending', 60, NULL);
INSERT INTO tbl_shipping (tracking_number, shipping_status, order_id, ship_com_id) VALUES (null, 'pending', 61, NULL);
INSERT INTO tbl_shipping (tracking_number, shipping_status, order_id, ship_com_id) VALUES (null, 'pending', 61, NULL);
INSERT INTO tbl_shipping (tracking_number, shipping_status, order_id, ship_com_id) VALUES (null, 'pending', 62, NULL);
INSERT INTO tbl_shipping (tracking_number, shipping_status, order_id, ship_com_id) VALUES (null, 'pending', 62, NULL);
INSERT INTO tbl_shipping (tracking_number, shipping_status, order_id, ship_com_id) VALUES (null, 'pending', 63, NULL);
INSERT INTO tbl_shipping (tracking_number, shipping_status, order_id, ship_com_id) VALUES (null, 'pending', 63, NULL);
INSERT INTO tbl_shipping (tracking_number, shipping_status, order_id, ship_com_id) VALUES (null, 'pending', 64, NULL);
INSERT INTO tbl_shipping (tracking_number, shipping_status, order_id, ship_com_id) VALUES (null, 'pending', 64, NULL);
INSERT INTO tbl_shipping (tracking_number, shipping_status, order_id, ship_com_id) VALUES (null, 'pending', 65, NULL);
INSERT INTO tbl_shipping (tracking_number, shipping_status, order_id, ship_com_id) VALUES (null, 'pending', 65, NULL);
INSERT INTO tbl_shipping (tracking_number, shipping_status, order_id, ship_com_id) VALUES (null, 'pending', 66, NULL);
INSERT INTO tbl_shipping (tracking_number, shipping_status, order_id, ship_com_id) VALUES (null, 'pending', 66, NULL);
INSERT INTO tbl_shipping (tracking_number, shipping_status, order_id, ship_com_id) VALUES (null, 'pending', 67, NULL);
INSERT INTO tbl_shipping (tracking_number, shipping_status, order_id, ship_com_id) VALUES (null, 'pending', 67, NULL);
INSERT INTO tbl_shipping (tracking_number, shipping_status, order_id, ship_com_id) VALUES (null, 'pending', 68, NULL);
INSERT INTO tbl_shipping (tracking_number, shipping_status, order_id, ship_com_id) VALUES (null, 'pending', 68, NULL);
INSERT INTO tbl_shipping (tracking_number, shipping_status, order_id, ship_com_id) VALUES (null, 'pending', 69, NULL);
INSERT INTO tbl_shipping (tracking_number, shipping_status, order_id, ship_com_id) VALUES (null, 'pending', 69, NULL);
INSERT INTO tbl_shipping (tracking_number, shipping_status, order_id, ship_com_id) VALUES (null, 'pending', 70, NULL);
INSERT INTO tbl_shipping (tracking_number, shipping_status, order_id, ship_com_id) VALUES (null, 'pending', 70, NULL);
INSERT INTO tbl_shipping (tracking_number, shipping_status, order_id, ship_com_id) VALUES (null, 'pending', 71, NULL);
INSERT INTO tbl_shipping (tracking_number, shipping_status, order_id, ship_com_id) VALUES (null, 'pending', 71, NULL);
INSERT INTO tbl_shipping (tracking_number, shipping_status, order_id, ship_com_id) VALUES (null, 'pending', 72, NULL);
INSERT INTO tbl_shipping (tracking_number, shipping_status, order_id, ship_com_id) VALUES (null, 'pending', 72, NULL);
INSERT INTO tbl_shipping (tracking_number, shipping_status, order_id, ship_com_id) VALUES (null, 'pending', 73, NULL);
INSERT INTO tbl_shipping (tracking_number, shipping_status, order_id, ship_com_id) VALUES (null, 'pending', 74, NULL);
INSERT INTO tbl_shipping (tracking_number, shipping_status, order_id, ship_com_id) VALUES (null, 'pending', 74, NULL);
INSERT INTO tbl_shipping (tracking_number, shipping_status, order_id, ship_com_id) VALUES (null, 'pending', 75, NULL);
INSERT INTO tbl_shipping (tracking_number, shipping_status, order_id, ship_com_id) VALUES (null, 'pending', 76, NULL);
INSERT INTO tbl_shipping (tracking_number, shipping_status, order_id, ship_com_id) VALUES (null, 'pending', 76, NULL);
INSERT INTO tbl_shipping (tracking_number, shipping_status, order_id, ship_com_id) VALUES (null, 'pending', 77, NULL);
INSERT INTO tbl_shipping (tracking_number, shipping_status, order_id, ship_com_id) VALUES (null, 'pending', 78, NULL);
INSERT INTO tbl_shipping (tracking_number, shipping_status, order_id, ship_com_id) VALUES (null, 'pending', 78, NULL);

INSERT INTO tbl_order_detail (option_id, count, amount, shipping_id, order_id, created_at, updated_at) VALUES (7, 4, 25808, 1, 1, '2024-11-05 06:20:19', '2024-11-05 06:20:19');
INSERT INTO tbl_order_detail (option_id, count, amount, shipping_id, order_id, created_at, updated_at) VALUES (10, 2, 47792, 1, 1, '2024-11-05 06:20:19', '2024-11-05 06:20:19');
INSERT INTO tbl_order_detail (option_id, count, amount, shipping_id, order_id, created_at, updated_at) VALUES (14, 4, 7937, 1, 1, '2024-11-04 06:20:19', '2024-11-04 06:20:19');
INSERT INTO tbl_order_detail (option_id, count, amount, shipping_id, order_id, created_at, updated_at) VALUES (7, 3, 17540, 1, 1, '2024-11-04 06:20:19', '2024-11-04 06:20:19');
INSERT INTO tbl_order_detail (option_id, count, amount, shipping_id, order_id, created_at, updated_at) VALUES (1, 3, 40261, 2, 2, '2024-10-22 06:20:19', '2024-10-22 06:20:19');
INSERT INTO tbl_order_detail (option_id, count, amount, shipping_id, order_id, created_at, updated_at) VALUES (6, 3, 33168, 2, 2, '2024-10-22 06:20:19', '2024-10-22 06:20:19');
INSERT INTO tbl_order_detail (option_id, count, amount, shipping_id, order_id, created_at, updated_at) VALUES (4, 3, 44559, 3, 3, '2024-10-17 06:20:19', '2024-10-17 06:20:19');
INSERT INTO tbl_order_detail (option_id, count, amount, shipping_id, order_id, created_at, updated_at) VALUES (5, 2, 6537, 3, 3, '2024-10-17 06:20:19', '2024-10-17 06:20:19');
INSERT INTO tbl_order_detail (option_id, count, amount, shipping_id, order_id, created_at, updated_at) VALUES (9, 3, 6846, 4, 4, '2024-11-08 06:20:19', '2024-11-08 06:20:19');
INSERT INTO tbl_order_detail (option_id, count, amount, shipping_id, order_id, created_at, updated_at) VALUES (2, 1, 2024, 4, 4, '2024-11-08 06:20:19', '2024-11-08 06:20:19');
INSERT INTO tbl_order_detail (option_id, count, amount, shipping_id, order_id, created_at, updated_at) VALUES (6, 3, 44843, 5, 5, '2024-11-13 06:20:19', '2024-11-13 06:20:19');
INSERT INTO tbl_order_detail (option_id, count, amount, shipping_id, order_id, created_at, updated_at) VALUES (10, 2, 40042, 5, 5, '2024-11-13 06:20:19', '2024-11-13 06:20:19');
INSERT INTO tbl_order_detail (option_id, count, amount, shipping_id, order_id, created_at, updated_at) VALUES (4, 3, 22431, 6, 6, '2024-11-07 06:20:19', '2024-11-07 06:20:19');
INSERT INTO tbl_order_detail (option_id, count, amount, shipping_id, order_id, created_at, updated_at) VALUES (5, 3, 33463, 6, 6, '2024-11-07 06:20:19', '2024-11-07 06:20:19');
INSERT INTO tbl_order_detail (option_id, count, amount, shipping_id, order_id, created_at, updated_at) VALUES (13, 4, 32563, 7, 7, '2024-11-08 06:20:19', '2024-11-08 06:20:19');
INSERT INTO tbl_order_detail (option_id, count, amount, shipping_id, order_id, created_at, updated_at) VALUES (9, 5, 22233, 8, 8, '2024-10-20 06:20:19', '2024-10-20 06:20:19');
INSERT INTO tbl_order_detail (option_id, count, amount, shipping_id, order_id, created_at, updated_at) VALUES (9, 2, 6352, 9, 9, '2024-11-15 06:20:19', '2024-11-15 06:20:19');
INSERT INTO tbl_order_detail (option_id, count, amount, shipping_id, order_id, created_at, updated_at) VALUES (9, 5, 25776, 9, 9, '2024-11-15 06:20:19', '2024-11-15 06:20:19');
INSERT INTO tbl_order_detail (option_id, count, amount, shipping_id, order_id, created_at, updated_at) VALUES (9, 5, 39081, 10, 10, '2024-11-13 06:20:19', '2024-11-13 06:20:19');
INSERT INTO tbl_order_detail (option_id, count, amount, shipping_id, order_id, created_at, updated_at) VALUES (3, 1, 4150, 10, 10, '2024-11-13 06:20:19', '2024-11-13 06:20:19');
INSERT INTO tbl_order_detail (option_id, count, amount, shipping_id, order_id, created_at, updated_at) VALUES (12, 1, 29555, 11, 11, '2024-10-25 06:20:19', '2024-10-25 06:20:19');
INSERT INTO tbl_order_detail (option_id, count, amount, shipping_id, order_id, created_at, updated_at) VALUES (4, 4, 6375, 12, 12, '2024-10-17 06:20:19', '2024-10-17 06:20:19');
INSERT INTO tbl_order_detail (option_id, count, amount, shipping_id, order_id, created_at, updated_at) VALUES (5, 2, 45309, 12, 12, '2024-10-17 06:20:19', '2024-10-17 06:20:19');
INSERT INTO tbl_order_detail (option_id, count, amount, shipping_id, order_id, created_at, updated_at) VALUES (4, 5, 24669, 13, 13, '2024-10-30 06:20:19', '2024-10-30 06:20:19');
INSERT INTO tbl_order_detail (option_id, count, amount, shipping_id, order_id, created_at, updated_at) VALUES (12, 3, 27003, 13, 13, '2024-10-30 06:20:19', '2024-10-30 06:20:19');
INSERT INTO tbl_order_detail (option_id, count, amount, shipping_id, order_id, created_at, updated_at) VALUES (1, 3, 29298, 14, 14, '2024-11-10 06:20:19', '2024-11-10 06:20:19');
INSERT INTO tbl_order_detail (option_id, count, amount, shipping_id, order_id, created_at, updated_at) VALUES (5, 1, 47749, 14, 14, '2024-11-10 06:20:19', '2024-11-10 06:20:19');
INSERT INTO tbl_order_detail (option_id, count, amount, shipping_id, order_id, created_at, updated_at) VALUES (4, 5, 1862, 15, 15, '2024-11-14 06:20:19', '2024-11-14 06:20:19');
INSERT INTO tbl_order_detail (option_id, count, amount, shipping_id, order_id, created_at, updated_at) VALUES (11, 3, 29982, 16, 16, '2024-10-30 06:20:19', '2024-10-30 06:20:19');
INSERT INTO tbl_order_detail (option_id, count, amount, shipping_id, order_id, created_at, updated_at) VALUES (5, 1, 33498, 16, 16, '2024-10-30 06:20:19', '2024-10-30 06:20:19');
INSERT INTO tbl_order_detail (option_id, count, amount, shipping_id, order_id, created_at, updated_at) VALUES (13, 1, 15920, 17, 17, '2024-11-13 06:20:19', '2024-11-13 06:20:19');
INSERT INTO tbl_order_detail (option_id, count, amount, shipping_id, order_id, created_at, updated_at) VALUES (11, 4, 15806, 17, 17, '2024-11-13 06:20:19', '2024-11-13 06:20:19');
INSERT INTO tbl_order_detail (option_id, count, amount, shipping_id, order_id, created_at, updated_at) VALUES (6, 1, 4727, 18, 18, '2024-11-07 06:20:19', '2024-11-07 06:20:19');
INSERT INTO tbl_order_detail (option_id, count, amount, shipping_id, order_id, created_at, updated_at) VALUES (5, 1, 36659, 18, 18, '2024-11-07 06:20:19', '2024-11-07 06:20:19');
INSERT INTO tbl_order_detail (option_id, count, amount, shipping_id, order_id, created_at, updated_at) VALUES (9, 4, 23027, 19, 19, '2024-10-17 06:20:19', '2024-10-17 06:20:19');
INSERT INTO tbl_order_detail (option_id, count, amount, shipping_id, order_id, created_at, updated_at) VALUES (14, 3, 48978, 20, 20, '2024-10-23 06:20:19', '2024-10-23 06:20:19');
INSERT INTO tbl_order_detail (option_id, count, amount, shipping_id, order_id, created_at, updated_at) VALUES (6, 4, 15596, 20, 20, '2024-10-23 06:20:19', '2024-10-23 06:20:19');
INSERT INTO tbl_order_detail (option_id, count, amount, shipping_id, order_id, created_at, updated_at) VALUES (12, 2, 39770, 21, 21, '2024-10-19 06:20:19', '2024-10-19 06:20:19');
INSERT INTO tbl_order_detail (option_id, count, amount, shipping_id, order_id, created_at, updated_at) VALUES (3, 2, 17853, 21, 21, '2024-10-19 06:20:19', '2024-10-19 06:20:19');
INSERT INTO tbl_order_detail (option_id, count, amount, shipping_id, order_id, created_at, updated_at) VALUES (3, 3, 11343, 22, 22, '2024-11-10 06:20:19', '2024-11-10 06:20:19');
INSERT INTO tbl_order_detail (option_id, count, amount, shipping_id, order_id, created_at, updated_at) VALUES (9, 2, 36904, 22, 22, '2024-11-10 06:20:19', '2024-11-10 06:20:19');
INSERT INTO tbl_order_detail (option_id, count, amount, shipping_id, order_id, created_at, updated_at) VALUES (5, 5, 5069, 23, 23, '2024-11-13 06:20:19', '2024-11-13 06:20:19');
INSERT INTO tbl_order_detail (option_id, count, amount, shipping_id, order_id, created_at, updated_at) VALUES (14, 2, 7264, 23, 23, '2024-11-13 06:20:19', '2024-11-13 06:20:19');
INSERT INTO tbl_order_detail (option_id, count, amount, shipping_id, order_id, created_at, updated_at) VALUES (12, 5, 15786, 24, 24, '2024-11-02 06:20:19', '2024-11-02 06:20:19');
INSERT INTO tbl_order_detail (option_id, count, amount, shipping_id, order_id, created_at, updated_at) VALUES (8, 5, 35213, 24, 24, '2024-11-02 06:20:19', '2024-11-02 06:20:19');
INSERT INTO tbl_order_detail (option_id, count, amount, shipping_id, order_id, created_at, updated_at) VALUES (10, 5, 49771, 25, 25, '2024-10-30 06:20:19', '2024-10-30 06:20:19');
INSERT INTO tbl_order_detail (option_id, count, amount, shipping_id, order_id, created_at, updated_at) VALUES (10, 2, 7547, 25, 25, '2024-10-30 06:20:19', '2024-10-30 06:20:19');
INSERT INTO tbl_order_detail (option_id, count, amount, shipping_id, order_id, created_at, updated_at) VALUES (9, 1, 10611, 26, 26, '2024-10-30 06:20:19', '2024-10-30 06:20:19');
INSERT INTO tbl_order_detail (option_id, count, amount, shipping_id, order_id, created_at, updated_at) VALUES (5, 5, 29138, 26, 26, '2024-10-30 06:20:19', '2024-10-30 06:20:19');
INSERT INTO tbl_order_detail (option_id, count, amount, shipping_id, order_id, created_at, updated_at) VALUES (5, 4, 36978, 27, 27, '2024-10-25 06:20:19', '2024-10-25 06:20:19');
INSERT INTO tbl_order_detail (option_id, count, amount, shipping_id, order_id, created_at, updated_at) VALUES (7, 1, 37913, 27, 27, '2024-10-25 06:20:19', '2024-10-25 06:20:19');
INSERT INTO tbl_order_detail (option_id, count, amount, shipping_id, order_id, created_at, updated_at) VALUES (4, 5, 11080, 28, 28, '2024-10-18 06:20:19', '2024-10-18 06:20:19');
INSERT INTO tbl_order_detail (option_id, count, amount, shipping_id, order_id, created_at, updated_at) VALUES (12, 2, 15821, 28, 28, '2024-10-18 06:20:19', '2024-10-18 06:20:19');
INSERT INTO tbl_order_detail (option_id, count, amount, shipping_id, order_id, created_at, updated_at) VALUES (9, 1, 47269, 29, 29, '2024-11-04 06:20:19', '2024-11-04 06:20:19');
INSERT INTO tbl_order_detail (option_id, count, amount, shipping_id, order_id, created_at, updated_at) VALUES (10, 2, 4545, 29, 29, '2024-11-04 06:20:19', '2024-11-04 06:20:19');
INSERT INTO tbl_order_detail (option_id, count, amount, shipping_id, order_id, created_at, updated_at) VALUES (3, 3, 44802, 30, 30, '2024-10-30 06:20:19', '2024-10-30 06:20:19');
INSERT INTO tbl_order_detail (option_id, count, amount, shipping_id, order_id, created_at, updated_at) VALUES (9, 1, 23619, 30, 30, '2024-10-30 06:20:19', '2024-10-30 06:20:19');
INSERT INTO tbl_order_detail (option_id, count, amount, shipping_id, order_id, created_at, updated_at) VALUES (12, 3, 4924, 31, 31, '2024-10-20 06:20:19', '2024-10-20 06:20:19');
INSERT INTO tbl_order_detail (option_id, count, amount, shipping_id, order_id, created_at, updated_at) VALUES (12, 4, 23805, 31, 31, '2024-10-20 06:20:19', '2024-10-20 06:20:19');
INSERT INTO tbl_order_detail (option_id, count, amount, shipping_id, order_id, created_at, updated_at) VALUES (7, 3, 16360, 32, 32, '2024-11-01 06:20:19', '2024-11-01 06:20:19');
INSERT INTO tbl_order_detail (option_id, count, amount, shipping_id, order_id, created_at, updated_at) VALUES (7, 2, 32529, 32, 32, '2024-11-01 06:20:19', '2024-11-01 06:20:19');
INSERT INTO tbl_order_detail (option_id, count, amount, shipping_id, order_id, created_at, updated_at) VALUES (8, 5, 32956, 33, 33, '2024-10-31 06:20:19', '2024-10-31 06:20:19');
INSERT INTO tbl_order_detail (option_id, count, amount, shipping_id, order_id, created_at, updated_at) VALUES (2, 3, 31009, 33, 33, '2024-10-31 06:20:19', '2024-10-31 06:20:19');
INSERT INTO tbl_order_detail (option_id, count, amount, shipping_id, order_id, created_at, updated_at) VALUES (5, 3, 16083, 34, 34, '2024-10-31 06:20:19', '2024-10-31 06:20:19');
INSERT INTO tbl_order_detail (option_id, count, amount, shipping_id, order_id, created_at, updated_at) VALUES (7, 1, 2725, 34, 34, '2024-10-31 06:20:19', '2024-10-31 06:20:19');
INSERT INTO tbl_order_detail (option_id, count, amount, shipping_id, order_id, created_at, updated_at) VALUES (14, 1, 27545, 35, 35, '2024-10-27 06:20:19', '2024-10-27 06:20:19');
INSERT INTO tbl_order_detail (option_id, count, amount, shipping_id, order_id, created_at, updated_at) VALUES (13, 1, 46688, 35, 35, '2024-10-27 06:20:19', '2024-10-27 06:20:19');
INSERT INTO tbl_order_detail (option_id, count, amount, shipping_id, order_id, created_at, updated_at) VALUES (7, 5, 25586, 36, 36, '2024-10-25 06:20:19', '2024-10-25 06:20:19');
INSERT INTO tbl_order_detail (option_id, count, amount, shipping_id, order_id, created_at, updated_at) VALUES (3, 3, 23723, 36, 36, '2024-10-25 06:20:19', '2024-10-25 06:20:19');
INSERT INTO tbl_order_detail (option_id, count, amount, shipping_id, order_id, created_at, updated_at) VALUES (2, 3, 34634, 37, 37, '2024-10-20 06:20:19', '2024-10-20 06:20:19');
INSERT INTO tbl_order_detail (option_id, count, amount, shipping_id, order_id, created_at, updated_at) VALUES (2, 5, 41515, 37, 37, '2024-10-20 06:20:19', '2024-10-20 06:20:19');
INSERT INTO tbl_order_detail (option_id, count, amount, shipping_id, order_id, created_at, updated_at) VALUES (11, 4, 6643, 38, 38, '2024-11-05 06:20:19', '2024-11-05 06:20:19');
INSERT INTO tbl_order_detail (option_id, count, amount, shipping_id, order_id, created_at, updated_at) VALUES (12, 1, 35324, 38, 38, '2024-11-05 06:20:19', '2024-11-05 06:20:19');
INSERT INTO tbl_order_detail (option_id, count, amount, shipping_id, order_id, created_at, updated_at) VALUES (5, 2, 42690, 39, 39, '2024-10-24 06:20:19', '2024-10-24 06:20:19');
INSERT INTO tbl_order_detail (option_id, count, amount, shipping_id, order_id, created_at, updated_at) VALUES (11, 2, 7984, 39, 39, '2024-10-24 06:20:19', '2024-10-24 06:20:19');
INSERT INTO tbl_order_detail (option_id, count, amount, shipping_id, order_id, created_at, updated_at) VALUES (13, 1, 36923, 40, 40, '2024-11-04 06:20:19', '2024-11-04 06:20:19');
INSERT INTO tbl_order_detail (option_id, count, amount, shipping_id, order_id, created_at, updated_at) VALUES (4, 4, 22298, 40, 40, '2024-11-04 06:20:19', '2024-11-04 06:20:19');
INSERT INTO tbl_order_detail (option_id, count, amount, shipping_id, order_id, created_at, updated_at) VALUES (11, 3, 21954, 41, 41, '2024-11-03 06:20:19', '2024-11-03 06:20:19');
INSERT INTO tbl_order_detail (option_id, count, amount, shipping_id, order_id, created_at, updated_at) VALUES (11, 5, 49809, 42, 42, '2024-10-20 06:20:19', '2024-10-20 06:20:19');
INSERT INTO tbl_order_detail (option_id, count, amount, shipping_id, order_id, created_at, updated_at) VALUES (11, 1, 34226, 42, 42, '2024-10-20 06:20:19', '2024-10-20 06:20:19');
INSERT INTO tbl_order_detail (option_id, count, amount, shipping_id, order_id, created_at, updated_at) VALUES (9, 5, 24707, 43, 43, '2024-10-30 06:20:19', '2024-10-30 06:20:19');
INSERT INTO tbl_order_detail (option_id, count, amount, shipping_id, order_id, created_at, updated_at) VALUES (4, 4, 45555, 43, 43, '2024-10-30 06:20:19', '2024-10-30 06:20:19');
INSERT INTO tbl_order_detail (option_id, count, amount, shipping_id, order_id, created_at, updated_at) VALUES (3, 5, 49384, 44, 44, '2024-11-09 06:20:19', '2024-11-09 06:20:19');
INSERT INTO tbl_order_detail (option_id, count, amount, shipping_id, order_id, created_at, updated_at) VALUES (14, 4, 31622, 44, 44, '2024-11-09 06:20:19', '2024-11-09 06:20:19');
INSERT INTO tbl_order_detail (option_id, count, amount, shipping_id, order_id, created_at, updated_at) VALUES (9, 2, 30760, 45, 45, '2024-11-01 06:20:19', '2024-11-01 06:20:19');
INSERT INTO tbl_order_detail (option_id, count, amount, shipping_id, order_id, created_at, updated_at) VALUES (9, 5, 5460, 46, 46, '2024-10-17 06:20:19', '2024-10-17 06:20:19');
INSERT INTO tbl_order_detail (option_id, count, amount, shipping_id, order_id, created_at, updated_at) VALUES (11, 3, 17014, 46, 46, '2024-10-17 06:20:19', '2024-10-17 06:20:19');
INSERT INTO tbl_order_detail (option_id, count, amount, shipping_id, order_id, created_at, updated_at) VALUES (2, 4, 49616, 47, 47, '2024-11-03 06:20:19', '2024-11-03 06:20:19');
INSERT INTO tbl_order_detail (option_id, count, amount, shipping_id, order_id, created_at, updated_at) VALUES (13, 4, 4436, 47, 47, '2024-11-03 06:20:19', '2024-11-03 06:20:19');
INSERT INTO tbl_order_detail (option_id, count, amount, shipping_id, order_id, created_at, updated_at) VALUES (13, 2, 46293, 48, 48, '2024-11-16 06:20:19', '2024-11-16 06:20:19');
INSERT INTO tbl_order_detail (option_id, count, amount, shipping_id, order_id, created_at, updated_at) VALUES (3, 1, 48352, 48, 48, '2024-11-16 06:20:19', '2024-11-16 06:20:19');
INSERT INTO tbl_order_detail (option_id, count, amount, shipping_id, order_id, created_at, updated_at) VALUES (9, 5, 4219, 49, 49, '2024-10-25 06:20:19', '2024-10-25 06:20:19');
INSERT INTO tbl_order_detail (option_id, count, amount, shipping_id, order_id, created_at, updated_at) VALUES (14, 4, 3302, 49, 49, '2024-10-25 06:20:19', '2024-10-25 06:20:19');
INSERT INTO tbl_order_detail (option_id, count, amount, shipping_id, order_id, created_at, updated_at) VALUES (10, 4, 38432, 50, 50, '2024-11-16 06:20:19', '2024-11-16 06:20:19');
INSERT INTO tbl_order_detail (option_id, count, amount, shipping_id, order_id, created_at, updated_at) VALUES (14, 5, 36833, 50, 50, '2024-11-16 06:20:19', '2024-11-16 06:20:19');
INSERT INTO tbl_order_detail (option_id, count, amount, shipping_id, order_id, created_at, updated_at) VALUES (8, 5, 20146, 51, 51, '2024-11-04 06:20:19', '2024-11-04 06:20:19');
INSERT INTO tbl_order_detail (option_id, count, amount, shipping_id, order_id, created_at, updated_at) VALUES (8, 5, 45478, 51, 51, '2024-11-04 06:20:19', '2024-11-04 06:20:19');
INSERT INTO tbl_order_detail (option_id, count, amount, shipping_id, order_id, created_at, updated_at) VALUES (3, 1, 36719, 52, 52, '2024-11-07 06:20:19', '2024-11-07 06:20:19');
INSERT INTO tbl_order_detail (option_id, count, amount, shipping_id, order_id, created_at, updated_at) VALUES (4, 3, 44053, 52, 52, '2024-11-07 06:20:19', '2024-11-07 06:20:19');
INSERT INTO tbl_order_detail (option_id, count, amount, shipping_id, order_id, created_at, updated_at) VALUES (11, 2, 25141, 53, 53, '2024-11-06 06:20:19', '2024-11-06 06:20:19');
INSERT INTO tbl_order_detail (option_id, count, amount, shipping_id, order_id, created_at, updated_at) VALUES (11, 1, 14251, 53, 53, '2024-11-06 06:20:19', '2024-11-06 06:20:19');
INSERT INTO tbl_order_detail (option_id, count, amount, shipping_id, order_id, created_at, updated_at) VALUES (11, 2, 13368, 54, 54, '2024-11-12 06:20:19', '2024-11-12 06:20:19');
INSERT INTO tbl_order_detail (option_id, count, amount, shipping_id, order_id, created_at, updated_at) VALUES (2, 5, 34325, 54, 54, '2024-11-12 06:20:19', '2024-11-12 06:20:19');
INSERT INTO tbl_order_detail (option_id, count, amount, shipping_id, order_id, created_at, updated_at) VALUES (11, 3, 7559, 55, 55, '2024-11-04 06:20:19', '2024-11-04 06:20:19');
INSERT INTO tbl_order_detail (option_id, count, amount, shipping_id, order_id, created_at, updated_at) VALUES (9, 4, 27902, 55, 55, '2024-11-04 06:20:19', '2024-11-04 06:20:19');
INSERT INTO tbl_order_detail (option_id, count, amount, shipping_id, order_id, created_at, updated_at) VALUES (4, 2, 15036, 56, 56, '2024-10-30 06:20:19', '2024-10-30 06:20:19');
INSERT INTO tbl_order_detail (option_id, count, amount, shipping_id, order_id, created_at, updated_at) VALUES (6, 2, 28257, 56, 56, '2024-10-30 06:20:19', '2024-10-30 06:20:19');
INSERT INTO tbl_order_detail (option_id, count, amount, shipping_id, order_id, created_at, updated_at) VALUES (6, 3, 49821, 57, 57, '2024-11-08 06:20:19', '2024-11-08 06:20:19');
INSERT INTO tbl_order_detail (option_id, count, amount, shipping_id, order_id, created_at, updated_at) VALUES (13, 4, 1820, 57, 57, '2024-11-08 06:20:19', '2024-11-08 06:20:19');
INSERT INTO tbl_order_detail (option_id, count, amount, shipping_id, order_id, created_at, updated_at) VALUES (13, 4, 33280, 58, 58, '2024-10-25 06:20:19', '2024-10-25 06:20:19');
INSERT INTO tbl_order_detail (option_id, count, amount, shipping_id, order_id, created_at, updated_at) VALUES (6, 2, 36306, 58, 58, '2024-10-25 06:20:19', '2024-10-25 06:20:19');
INSERT INTO tbl_order_detail (option_id, count, amount, shipping_id, order_id, created_at, updated_at) VALUES (7, 4, 5281, 59, 59, '2024-10-29 06:20:19', '2024-10-29 06:20:19');
INSERT INTO tbl_order_detail (option_id, count, amount, shipping_id, order_id, created_at, updated_at) VALUES (5, 2, 33808, 60, 60, '2024-10-21 06:20:19', '2024-10-21 06:20:19');
INSERT INTO tbl_order_detail (option_id, count, amount, shipping_id, order_id, created_at, updated_at) VALUES (12, 2, 13499, 60, 60, '2024-10-21 06:20:19', '2024-10-21 06:20:19');
INSERT INTO tbl_order_detail (option_id, count, amount, shipping_id, order_id, created_at, updated_at) VALUES (9, 2, 28608, 61, 61, '2024-10-21 06:20:19', '2024-10-21 06:20:19');
INSERT INTO tbl_order_detail (option_id, count, amount, shipping_id, order_id, created_at, updated_at) VALUES (8, 5, 22800, 61, 61, '2024-10-21 06:20:19', '2024-10-21 06:20:19');
INSERT INTO tbl_order_detail (option_id, count, amount, shipping_id, order_id, created_at, updated_at) VALUES (4, 4, 3791, 62, 62, '2024-10-28 06:20:19', '2024-10-28 06:20:19');
INSERT INTO tbl_order_detail (option_id, count, amount, shipping_id, order_id, created_at, updated_at) VALUES (9, 4, 12033, 62, 62, '2024-10-28 06:20:19', '2024-10-28 06:20:19');
INSERT INTO tbl_order_detail (option_id, count, amount, shipping_id, order_id, created_at, updated_at) VALUES (9, 2, 20519, 63, 63, '2024-10-18 06:20:19', '2024-10-18 06:20:19');
INSERT INTO tbl_order_detail (option_id, count, amount, shipping_id, order_id, created_at, updated_at) VALUES (12, 1, 45890, 63, 63, '2024-10-18 06:20:19', '2024-10-18 06:20:19');
INSERT INTO tbl_order_detail (option_id, count, amount, shipping_id, order_id, created_at, updated_at) VALUES (11, 5, 44761, 64, 64, '2024-10-19 06:20:19', '2024-10-19 06:20:19');
INSERT INTO tbl_order_detail (option_id, count, amount, shipping_id, order_id, created_at, updated_at) VALUES (7, 5, 36652, 64, 64, '2024-10-19 06:20:19', '2024-10-19 06:20:19');
INSERT INTO tbl_order_detail (option_id, count, amount, shipping_id, order_id, created_at, updated_at) VALUES (3, 2, 20894, 65, 65, '2024-11-06 06:20:19', '2024-11-06 06:20:19');
INSERT INTO tbl_order_detail (option_id, count, amount, shipping_id, order_id, created_at, updated_at) VALUES (4, 2, 12295, 65, 65, '2024-11-06 06:20:19', '2024-11-06 06:20:19');
INSERT INTO tbl_order_detail (option_id, count, amount, shipping_id, order_id, created_at, updated_at) VALUES (13, 1, 16642, 66, 66, '2024-11-14 06:20:19', '2024-11-14 06:20:19');
INSERT INTO tbl_order_detail (option_id, count, amount, shipping_id, order_id, created_at, updated_at) VALUES (10, 2, 3279, 66, 66, '2024-11-14 06:20:19', '2024-11-14 06:20:19');
INSERT INTO tbl_order_detail (option_id, count, amount, shipping_id, order_id, created_at, updated_at) VALUES (11, 2, 6656, 67, 67, '2024-11-05 06:20:19', '2024-11-05 06:20:19');
INSERT INTO tbl_order_detail (option_id, count, amount, shipping_id, order_id, created_at, updated_at) VALUES (8, 3, 29457, 67, 67, '2024-11-05 06:20:19', '2024-11-05 06:20:19');
INSERT INTO tbl_order_detail (option_id, count, amount, shipping_id, order_id, created_at, updated_at) VALUES (1, 2, 25122, 68, 68, '2024-11-04 06:20:19', '2024-11-04 06:20:19');
INSERT INTO tbl_order_detail (option_id, count, amount, shipping_id, order_id, created_at, updated_at) VALUES (14, 2, 27566, 68, 68, '2024-11-04 06:20:19', '2024-11-04 06:20:19');
INSERT INTO tbl_order_detail (option_id, count, amount, shipping_id, order_id, created_at, updated_at) VALUES (13, 5, 28896, 69, 69, '2024-10-24 06:20:19', '2024-10-24 06:20:19');
INSERT INTO tbl_order_detail (option_id, count, amount, shipping_id, order_id, created_at, updated_at) VALUES (9, 4, 25093, 69, 69, '2024-10-24 06:20:19', '2024-10-24 06:20:19');
INSERT INTO tbl_order_detail (option_id, count, amount, shipping_id, order_id, created_at, updated_at) VALUES (9, 2, 32759, 70, 70, '2024-10-29 06:20:19', '2024-10-29 06:20:19');
INSERT INTO tbl_order_detail (option_id, count, amount, shipping_id, order_id, created_at, updated_at) VALUES (7, 1, 9493, 70, 70, '2024-10-29 06:20:19', '2024-10-29 06:20:19');
INSERT INTO tbl_order_detail (option_id, count, amount, shipping_id, order_id, created_at, updated_at) VALUES (13, 3, 4027, 71, 71, '2024-10-23 06:20:19', '2024-10-23 06:20:19');
INSERT INTO tbl_order_detail (option_id, count, amount, shipping_id, order_id, created_at, updated_at) VALUES (3, 1, 13455, 71, 71, '2024-10-23 06:20:19', '2024-10-23 06:20:19');
INSERT INTO tbl_order_detail (option_id, count, amount, shipping_id, order_id, created_at, updated_at) VALUES (5, 3, 15562, 72, 72, '2024-10-29 06:20:19', '2024-10-29 06:20:19');
INSERT INTO tbl_order_detail (option_id, count, amount, shipping_id, order_id, created_at, updated_at) VALUES (3, 2, 21153, 72, 72, '2024-10-29 06:20:19', '2024-10-29 06:20:19');
INSERT INTO tbl_order_detail (option_id, count, amount, shipping_id, order_id, created_at, updated_at) VALUES (4, 5, 2308, 73, 73, '2024-10-26 06:20:19', '2024-10-26 06:20:19');
INSERT INTO tbl_order_detail (option_id, count, amount, shipping_id, order_id, created_at, updated_at) VALUES (10, 2, 27608, 74, 74, '2024-11-07 06:20:19', '2024-11-07 06:20:19');
INSERT INTO tbl_order_detail (option_id, count, amount, shipping_id, order_id, created_at, updated_at) VALUES (5, 1, 28234, 74, 74, '2024-11-07 06:20:19', '2024-11-07 06:20:19');
INSERT INTO tbl_order_detail (option_id, count, amount, shipping_id, order_id, created_at, updated_at) VALUES (5, 1, 11864, 75, 75, '2024-10-23 06:20:19', '2024-10-23 06:20:19');
INSERT INTO tbl_order_detail (option_id, count, amount, shipping_id, order_id, created_at, updated_at) VALUES (14, 1, 16465, 76, 76, '2024-11-03 06:20:19', '2024-11-03 06:20:19');
INSERT INTO tbl_order_detail (option_id, count, amount, shipping_id, order_id, created_at, updated_at) VALUES (8, 2, 2569, 76, 76, '2024-11-03 06:20:19', '2024-11-03 06:20:19');
INSERT INTO tbl_order_detail (option_id, count, amount, shipping_id, order_id, created_at, updated_at) VALUES (5, 1, 26769, 77, 77, '2024-11-15 06:20:19', '2024-11-15 06:20:19');
INSERT INTO tbl_order_detail (option_id, count, amount, shipping_id, order_id, created_at, updated_at) VALUES (3, 2, 41153, 78, 78, '2024-10-20 06:20:19', '2024-10-20 06:20:19');
INSERT INTO tbl_order_detail (option_id, count, amount, shipping_id, order_id, created_at, updated_at) VALUES (10, 3, 27171, 78, 78, '2024-10-20 06:20:19', '2024-10-20 06:20:19');

INSERT INTO tbl_payment (user_id, amount, currency, payment_method, payment_status, imp_uid, merchant_uid, transaction_id, fail_reason, receipt_url, created_at, updated_at, order_id) VALUES (6, 125863, 'KRW', 'BANK_TRANSFER', 'completed', 'imp_8113180', 'merchant_3114413', 'trans_7569270', 'Payment declined', 'https://receipt.url/9879', '2024-12-30 01:25:52', '2024-11-05 06:20:19', 1);
INSERT INTO tbl_payment (user_id, amount, currency, payment_method, payment_status, imp_uid, merchant_uid, transaction_id, fail_reason, receipt_url, created_at, updated_at, order_id) VALUES (1, 111011, 'KRW', 'EASY_PAY', 'completed', 'imp_9784298', 'merchant_2781679', 'trans_5816269', 'None', 'https://receipt.url/8562', '2024-12-28 13:27:54', '2024-11-05 06:20:19', 2);
INSERT INTO tbl_payment (user_id, amount, currency, payment_method, payment_status, imp_uid, merchant_uid, transaction_id, fail_reason, receipt_url, created_at, updated_at, order_id) VALUES (6, 128560, 'KRW', 'CARD', 'completed', 'imp_1081109', 'merchant_5627517', 'trans_3006899', 'Payment declined', 'https://receipt.url/2404', '2024-11-29 03:48:31', '2024-11-05 06:20:19', 3);
INSERT INTO tbl_payment (user_id, amount, currency, payment_method, payment_status, imp_uid, merchant_uid, transaction_id, fail_reason, receipt_url, created_at, updated_at, order_id) VALUES (4, 119254, 'KRW', 'TRANSFER', 'completed', 'imp_9310712', 'merchant_8764514', 'trans_6537629', 'Payment declined', 'https://receipt.url/1913', '2024-11-30 09:26:38', '2024-11-05 06:20:19', 4);
INSERT INTO tbl_payment (user_id, amount, currency, payment_method, payment_status, imp_uid, merchant_uid, transaction_id, fail_reason, receipt_url, created_at, updated_at, order_id) VALUES (5, 95582, 'KRW', 'CARD', 'completed', 'imp_4721570', 'merchant_7326095', 'trans_7027209', 'Payment declined', 'https://receipt.url/7426', '2024-12-04 06:22:07', '2024-11-05 06:20:19', 5);
INSERT INTO tbl_payment (user_id, amount, currency, payment_method, payment_status, imp_uid, merchant_uid, transaction_id, fail_reason, receipt_url, created_at, updated_at, order_id) VALUES (4, 51995, 'KRW', 'TRANSFER', 'completed', 'imp_4003731', 'merchant_3649568', 'trans_9005135', 'None', 'https://receipt.url/7872', '2024-11-13 03:24:24', '2024-11-05 06:20:19', 6);
INSERT INTO tbl_payment (user_id, amount, currency, payment_method, payment_status, imp_uid, merchant_uid, transaction_id, fail_reason, receipt_url, created_at, updated_at, order_id) VALUES (4, 101832, 'KRW', 'BANK_TRANSFER', 'completed', 'imp_9903084', 'merchant_1041606', 'trans_9121077', 'None', 'https://receipt.url/9561', '2024-12-04 22:26:27', '2024-11-05 06:20:19', 7);
INSERT INTO tbl_payment (user_id, amount, currency, payment_method, payment_status, imp_uid, merchant_uid, transaction_id, fail_reason, receipt_url, created_at, updated_at, order_id) VALUES (4, 130428, 'KRW', 'CARD', 'completed', 'imp_6692543', 'merchant_7333523', 'trans_7453918', 'Payment declined', 'https://receipt.url/1279', '2024-11-11 03:02:22', '2024-11-05 06:20:19', 8);
INSERT INTO tbl_payment (user_id, amount, currency, payment_method, payment_status, imp_uid, merchant_uid, transaction_id, fail_reason, receipt_url, created_at, updated_at, order_id) VALUES (2, 59532, 'KRW', 'BANK_TRANSFER', 'completed', 'imp_3609517', 'merchant_9959074', 'trans_7811763', 'Payment declined', 'https://receipt.url/9137', '2024-12-17 17:32:43', '2024-11-05 06:20:19', 9);
INSERT INTO tbl_payment (user_id, amount, currency, payment_method, payment_status, imp_uid, merchant_uid, transaction_id, fail_reason, receipt_url, created_at, updated_at, order_id) VALUES (2, 119167, 'KRW', 'CARD', 'completed', 'imp_1893961', 'merchant_7547177', 'trans_5625537', 'None', 'https://receipt.url/2123', '2024-12-28 00:42:23', '2024-11-05 06:20:19', 10);
INSERT INTO tbl_payment (user_id, amount, currency, payment_method, payment_status, imp_uid, merchant_uid, transaction_id, fail_reason, receipt_url, created_at, updated_at, order_id) VALUES (4, 60162, 'KRW', 'EASY_PAY', 'completed', 'imp_6526543', 'merchant_3339627', 'trans_2410946', 'None', 'https://receipt.url/5167', '2024-12-04 23:58:23', '2024-11-05 06:20:19', 11);
INSERT INTO tbl_payment (user_id, amount, currency, payment_method, payment_status, imp_uid, merchant_uid, transaction_id, fail_reason, receipt_url, created_at, updated_at, order_id) VALUES (4, 51831, 'KRW', 'EASY_PAY', 'completed', 'imp_9618353', 'merchant_1062444', 'trans_7293366', 'None', 'https://receipt.url/7732', '2024-12-19 22:41:36', '2024-11-05 06:20:19', 12);
INSERT INTO tbl_payment (user_id, amount, currency, payment_method, payment_status, imp_uid, merchant_uid, transaction_id, fail_reason, receipt_url, created_at, updated_at, order_id) VALUES (2, 132520, 'KRW', 'TRANSFER', 'completed', 'imp_7868292', 'merchant_5639793', 'trans_8204415', 'None', 'https://receipt.url/5035', '2024-12-16 05:43:42', '2024-11-05 06:20:19', 13);
INSERT INTO tbl_payment (user_id, amount, currency, payment_method, payment_status, imp_uid, merchant_uid, transaction_id, fail_reason, receipt_url, created_at, updated_at, order_id) VALUES (4, 116236, 'KRW', 'TRANSFER', 'completed', 'imp_6152102', 'merchant_6276065', 'trans_5886333', 'None', 'https://receipt.url/3615', '2024-11-28 16:06:32', '2024-11-05 06:20:19', 14);
INSERT INTO tbl_payment (user_id, amount, currency, payment_method, payment_status, imp_uid, merchant_uid, transaction_id, fail_reason, receipt_url, created_at, updated_at, order_id) VALUES (1, 125063, 'KRW', 'BANK_TRANSFER', 'completed', 'imp_1862766', 'merchant_8726709', 'trans_5580420', 'None', 'https://receipt.url/7885', '2024-11-09 02:58:58', '2024-11-05 06:20:19', 15);
INSERT INTO tbl_payment (user_id, amount, currency, payment_method, payment_status, imp_uid, merchant_uid, transaction_id, fail_reason, receipt_url, created_at, updated_at, order_id) VALUES (4, 72117, 'KRW', 'EASY_PAY', 'completed', 'imp_9178862', 'merchant_7500312', 'trans_1800342', 'Payment declined', 'https://receipt.url/3937', '2024-11-13 21:31:32', '2024-11-05 06:20:19', 16);
INSERT INTO tbl_payment (user_id, amount, currency, payment_method, payment_status, imp_uid, merchant_uid, transaction_id, fail_reason, receipt_url, created_at, updated_at, order_id) VALUES (2, 94089, 'KRW', 'EASY_PAY', 'completed', 'imp_2677557', 'merchant_5963555', 'trans_8600573', 'Payment declined', 'https://receipt.url/2249', '2024-12-08 07:59:15', '2024-11-05 06:20:19', 17);
INSERT INTO tbl_payment (user_id, amount, currency, payment_method, payment_status, imp_uid, merchant_uid, transaction_id, fail_reason, receipt_url, created_at, updated_at, order_id) VALUES (6, 54444, 'KRW', 'TRANSFER', 'completed', 'imp_8877064', 'merchant_7116890', 'trans_9095780', 'Payment declined', 'https://receipt.url/6379', '2024-11-20 21:33:26', '2024-11-05 06:20:19', 18);
INSERT INTO tbl_payment (user_id, amount, currency, payment_method, payment_status, imp_uid, merchant_uid, transaction_id, fail_reason, receipt_url, created_at, updated_at, order_id) VALUES (1, 121864, 'KRW', 'BANK_TRANSFER', 'completed', 'imp_3196156', 'merchant_6874736', 'trans_5144184', 'None', 'https://receipt.url/5464', '2024-12-13 17:27:13', '2024-11-05 06:20:19', 19);
INSERT INTO tbl_payment (user_id, amount, currency, payment_method, payment_status, imp_uid, merchant_uid, transaction_id, fail_reason, receipt_url, created_at, updated_at, order_id) VALUES (2, 123406, 'KRW', 'EASY_PAY', 'completed', 'imp_2038750', 'merchant_7580876', 'trans_1491895', 'None', 'https://receipt.url/4920', '2024-12-18 04:35:04', '2024-11-05 06:20:19', 20);
INSERT INTO tbl_payment (user_id, amount, currency, payment_method, payment_status, imp_uid, merchant_uid, transaction_id, fail_reason, receipt_url, created_at, updated_at, order_id) VALUES (3, 146788, 'KRW', 'CARD', 'completed', 'imp_4307919', 'merchant_4804406', 'trans_9295186', 'Payment declined', 'https://receipt.url/6151', '2024-12-26 06:47:47', '2024-11-05 06:20:19', 21);
INSERT INTO tbl_payment (user_id, amount, currency, payment_method, payment_status, imp_uid, merchant_uid, transaction_id, fail_reason, receipt_url, created_at, updated_at, order_id) VALUES (1, 61468, 'KRW', 'BANK_TRANSFER', 'completed', 'imp_3896280', 'merchant_5073987', 'trans_1060523', 'None', 'https://receipt.url/8651', '2024-11-22 14:26:25', '2024-11-05 06:20:19', 22);
INSERT INTO tbl_payment (user_id, amount, currency, payment_method, payment_status, imp_uid, merchant_uid, transaction_id, fail_reason, receipt_url, created_at, updated_at, order_id) VALUES (4, 64063, 'KRW', 'EASY_PAY', 'completed', 'imp_4467510', 'merchant_5757415', 'trans_6775297', 'None', 'https://receipt.url/9217', '2024-11-19 20:34:45', '2024-11-05 06:20:19', 23);
INSERT INTO tbl_payment (user_id, amount, currency, payment_method, payment_status, imp_uid, merchant_uid, transaction_id, fail_reason, receipt_url, created_at, updated_at, order_id) VALUES (4, 81821, 'KRW', 'TRANSFER', 'completed', 'imp_1786022', 'merchant_2976551', 'trans_5738582', 'Payment declined', 'https://receipt.url/1720', '2024-11-06 23:39:29', '2024-11-05 06:20:19', 24);
INSERT INTO tbl_payment (user_id, amount, currency, payment_method, payment_status, imp_uid, merchant_uid, transaction_id, fail_reason, receipt_url, created_at, updated_at, order_id) VALUES (3, 77701, 'KRW', 'BANK_TRANSFER', 'completed', 'imp_8626451', 'merchant_6516687', 'trans_4864961', 'Payment declined', 'https://receipt.url/5803', '2024-11-29 20:02:29', '2024-11-05 06:20:19', 25);
INSERT INTO tbl_payment (user_id, amount, currency, payment_method, payment_status, imp_uid, merchant_uid, transaction_id, fail_reason, receipt_url, created_at, updated_at, order_id) VALUES (4, 67766, 'KRW', 'CARD', 'completed', 'imp_4511836', 'merchant_9837065', 'trans_3312622', 'None', 'https://receipt.url/3800', '2024-11-06 11:11:48', '2024-11-05 06:20:19', 26);
INSERT INTO tbl_payment (user_id, amount, currency, payment_method, payment_status, imp_uid, merchant_uid, transaction_id, fail_reason, receipt_url, created_at, updated_at, order_id) VALUES (5, 82632, 'KRW', 'BANK_TRANSFER', 'completed', 'imp_6515420', 'merchant_7944258', 'trans_1646657', 'None', 'https://receipt.url/2572', '2024-11-29 20:02:17', '2024-11-05 06:20:19', 27);
INSERT INTO tbl_payment (user_id, amount, currency, payment_method, payment_status, imp_uid, merchant_uid, transaction_id, fail_reason, receipt_url, created_at, updated_at, order_id) VALUES (4, 119134, 'KRW', 'TRANSFER', 'completed', 'imp_8213223', 'merchant_2601594', 'trans_7487558', 'Payment declined', 'https://receipt.url/6394', '2024-12-26 10:44:59', '2024-11-05 06:20:19', 28);
INSERT INTO tbl_payment (user_id, amount, currency, payment_method, payment_status, imp_uid, merchant_uid, transaction_id, fail_reason, receipt_url, created_at, updated_at, order_id) VALUES (1, 135620, 'KRW', 'TRANSFER', 'completed', 'imp_1654471', 'merchant_1350450', 'trans_6057998', 'Payment declined', 'https://receipt.url/8064', '2024-11-09 06:32:57', '2024-11-05 06:20:19', 29);
INSERT INTO tbl_payment (user_id, amount, currency, payment_method, payment_status, imp_uid, merchant_uid, transaction_id, fail_reason, receipt_url, created_at, updated_at, order_id) VALUES (5, 140697, 'KRW', 'CARD', 'completed', 'imp_6904119', 'merchant_9444833', 'trans_5158087', 'None', 'https://receipt.url/7933', '2024-12-28 10:37:31', '2024-11-05 06:20:19', 30);
INSERT INTO tbl_payment (user_id, amount, currency, payment_method, payment_status, imp_uid, merchant_uid, transaction_id, fail_reason, receipt_url, created_at, updated_at, order_id) VALUES (1, 96968, 'KRW', 'BANK_TRANSFER', 'completed', 'imp_8995075', 'merchant_7651295', 'trans_4472684', 'None', 'https://receipt.url/5922', '2024-11-12 02:31:05', '2024-11-05 06:20:19', 31);
INSERT INTO tbl_payment (user_id, amount, currency, payment_method, payment_status, imp_uid, merchant_uid, transaction_id, fail_reason, receipt_url, created_at, updated_at, order_id) VALUES (6, 54562, 'KRW', 'BANK_TRANSFER', 'completed', 'imp_9412507', 'merchant_5481327', 'trans_5063570', 'None', 'https://receipt.url/6641', '2024-12-19 09:25:09', '2024-11-05 06:20:19', 32);
INSERT INTO tbl_payment (user_id, amount, currency, payment_method, payment_status, imp_uid, merchant_uid, transaction_id, fail_reason, receipt_url, created_at, updated_at, order_id) VALUES (3, 51807, 'KRW', 'TRANSFER', 'completed', 'imp_9929991', 'merchant_4099683', 'trans_5503320', 'Payment declined', 'https://receipt.url/1137', '2024-12-07 07:13:27', '2024-11-05 06:20:19', 33);
INSERT INTO tbl_payment (user_id, amount, currency, payment_method, payment_status, imp_uid, merchant_uid, transaction_id, fail_reason, receipt_url, created_at, updated_at, order_id) VALUES (6, 70107, 'KRW', 'TRANSFER', 'completed', 'imp_2512457', 'merchant_1549037', 'trans_1192095', 'Payment declined', 'https://receipt.url/9678', '2024-12-16 20:42:58', '2024-11-05 06:20:19', 34);
INSERT INTO tbl_payment (user_id, amount, currency, payment_method, payment_status, imp_uid, merchant_uid, transaction_id, fail_reason, receipt_url, created_at, updated_at, order_id) VALUES (1, 51362, 'KRW', 'TRANSFER', 'completed', 'imp_1956707', 'merchant_7421480', 'trans_5961177', 'Payment declined', 'https://receipt.url/1782', '2024-11-23 21:04:40', '2024-11-05 06:20:19', 35);
INSERT INTO tbl_payment (user_id, amount, currency, payment_method, payment_status, imp_uid, merchant_uid, transaction_id, fail_reason, receipt_url, created_at, updated_at, order_id) VALUES (5, 59939, 'KRW', 'EASY_PAY', 'completed', 'imp_3076704', 'merchant_8492752', 'trans_5890590', 'Payment declined', 'https://receipt.url/4201', '2024-11-21 17:53:53', '2024-11-05 06:20:19', 36);
INSERT INTO tbl_payment (user_id, amount, currency, payment_method, payment_status, imp_uid, merchant_uid, transaction_id, fail_reason, receipt_url, created_at, updated_at, order_id) VALUES (3, 80220, 'KRW', 'TRANSFER', 'completed', 'imp_2467660', 'merchant_9714158', 'trans_6094590', 'None', 'https://receipt.url/1011', '2024-11-10 23:54:17', '2024-11-05 06:20:19', 37);
INSERT INTO tbl_payment (user_id, amount, currency, payment_method, payment_status, imp_uid, merchant_uid, transaction_id, fail_reason, receipt_url, created_at, updated_at, order_id) VALUES (3, 146033, 'KRW', 'BANK_TRANSFER', 'completed', 'imp_3020897', 'merchant_6314638', 'trans_1019257', 'None', 'https://receipt.url/3237', '2024-11-09 19:22:55', '2024-11-05 06:20:19', 38);
INSERT INTO tbl_payment (user_id, amount, currency, payment_method, payment_status, imp_uid, merchant_uid, transaction_id, fail_reason, receipt_url, created_at, updated_at, order_id) VALUES (2, 135019, 'KRW', 'BANK_TRANSFER', 'completed', 'imp_1928368', 'merchant_3693993', 'trans_7476972', 'None', 'https://receipt.url/4994', '2024-12-21 19:11:57', '2024-11-05 06:20:19', 39);
INSERT INTO tbl_payment (user_id, amount, currency, payment_method, payment_status, imp_uid, merchant_uid, transaction_id, fail_reason, receipt_url, created_at, updated_at, order_id) VALUES (4, 118038, 'KRW', 'CARD', 'completed', 'imp_5319977', 'merchant_4362975', 'trans_6903679', 'None', 'https://receipt.url/4396', '2024-12-10 14:35:09', '2024-11-05 06:20:19', 40);
INSERT INTO tbl_payment (user_id, amount, currency, payment_method, payment_status, imp_uid, merchant_uid, transaction_id, fail_reason, receipt_url, created_at, updated_at, order_id) VALUES (3, 134117, 'KRW', 'TRANSFER', 'completed', 'imp_8560676', 'merchant_1249560', 'trans_3903532', 'Payment declined', 'https://receipt.url/6440', '2024-11-25 20:29:23', '2024-11-05 06:20:19', 41);
INSERT INTO tbl_payment (user_id, amount, currency, payment_method, payment_status, imp_uid, merchant_uid, transaction_id, fail_reason, receipt_url, created_at, updated_at, order_id) VALUES (1, 71189, 'KRW', 'EASY_PAY', 'completed', 'imp_9574393', 'merchant_1562428', 'trans_2670710', 'None', 'https://receipt.url/7463', '2024-12-23 17:31:22', '2024-11-05 06:20:19', 42);
INSERT INTO tbl_payment (user_id, amount, currency, payment_method, payment_status, imp_uid, merchant_uid, transaction_id, fail_reason, receipt_url, created_at, updated_at, order_id) VALUES (3, 128063, 'KRW', 'BANK_TRANSFER', 'completed', 'imp_9810586', 'merchant_1344645', 'trans_1650801', 'None', 'https://receipt.url/8431', '2024-11-24 12:17:20', '2024-11-05 06:20:19', 43);
INSERT INTO tbl_payment (user_id, amount, currency, payment_method, payment_status, imp_uid, merchant_uid, transaction_id, fail_reason, receipt_url, created_at, updated_at, order_id) VALUES (3, 52940, 'KRW', 'CARD', 'completed', 'imp_3421194', 'merchant_1824273', 'trans_6335164', 'Payment declined', 'https://receipt.url/6009', '2024-12-30 09:51:04', '2024-11-05 06:20:19', 44);
INSERT INTO tbl_payment (user_id, amount, currency, payment_method, payment_status, imp_uid, merchant_uid, transaction_id, fail_reason, receipt_url, created_at, updated_at, order_id) VALUES (6, 62378, 'KRW', 'EASY_PAY', 'completed', 'imp_9773383', 'merchant_8406451', 'trans_8493677', 'None', 'https://receipt.url/6003', '2024-11-30 20:50:00', '2024-11-05 06:20:19', 45);
INSERT INTO tbl_payment (user_id, amount, currency, payment_method, payment_status, imp_uid, merchant_uid, transaction_id, fail_reason, receipt_url, created_at, updated_at, order_id) VALUES (2, 120589, 'KRW', 'BANK_TRANSFER', 'completed', 'imp_7807880', 'merchant_5464370', 'trans_8335028', 'None', 'https://receipt.url/8218', '2024-12-26 22:02:47', '2024-11-05 06:20:19', 46);
INSERT INTO tbl_payment (user_id, amount, currency, payment_method, payment_status, imp_uid, merchant_uid, transaction_id, fail_reason, receipt_url, created_at, updated_at, order_id) VALUES (4, 62411, 'KRW', 'EASY_PAY', 'completed', 'imp_2090165', 'merchant_8826438', 'trans_1554789', 'None', 'https://receipt.url/8530', '2024-11-15 09:44:46', '2024-11-05 06:20:19', 47);
INSERT INTO tbl_payment (user_id, amount, currency, payment_method, payment_status, imp_uid, merchant_uid, transaction_id, fail_reason, receipt_url, created_at, updated_at, order_id) VALUES (4, 130963, 'KRW', 'TRANSFER', 'completed', 'imp_3117754', 'merchant_9547402', 'trans_7885215', 'Payment declined', 'https://receipt.url/5940', '2024-11-24 03:13:08', '2024-11-05 06:20:19', 48);
INSERT INTO tbl_payment (user_id, amount, currency, payment_method, payment_status, imp_uid, merchant_uid, transaction_id, fail_reason, receipt_url, created_at, updated_at, order_id) VALUES (1, 126505, 'KRW', 'BANK_TRANSFER', 'completed', 'imp_2825956', 'merchant_9424591', 'trans_6769123', 'Payment declined', 'https://receipt.url/3552', '2024-11-25 07:55:35', '2024-11-05 06:20:19', 49);
INSERT INTO tbl_payment (user_id, amount, currency, payment_method, payment_status, imp_uid, merchant_uid, transaction_id, fail_reason, receipt_url, created_at, updated_at, order_id) VALUES (4, 138773, 'KRW', 'CARD', 'completed', 'imp_5017170', 'merchant_4587192', 'trans_7634222', 'None', 'https://receipt.url/1723', '2024-11-21 18:32:33', '2024-11-05 06:20:19', 50);
INSERT INTO tbl_payment (user_id, amount, currency, payment_method, payment_status, imp_uid, merchant_uid, transaction_id, fail_reason, receipt_url, created_at, updated_at, order_id) VALUES (1, 128731, 'KRW', 'CARD', 'completed', 'imp_6249563', 'merchant_8461864', 'trans_3631521', 'None', 'https://receipt.url/1856', '2024-12-22 21:42:43', '2024-11-05 06:20:19', 51);
INSERT INTO tbl_payment (user_id, amount, currency, payment_method, payment_status, imp_uid, merchant_uid, transaction_id, fail_reason, receipt_url, created_at, updated_at, order_id) VALUES (4, 89008, 'KRW', 'EASY_PAY', 'completed', 'imp_4489848', 'merchant_8206217', 'trans_7041431', 'Payment declined', 'https://receipt.url/1286', '2024-12-26 21:22:10', '2024-11-05 06:20:19', 52);
INSERT INTO tbl_payment (user_id, amount, currency, payment_method, payment_status, imp_uid, merchant_uid, transaction_id, fail_reason, receipt_url, created_at, updated_at, order_id) VALUES (2, 81345, 'KRW', 'BANK_TRANSFER', 'completed', 'imp_6191324', 'merchant_7572559', 'trans_7930951', 'Payment declined', 'https://receipt.url/8027', '2024-12-25 18:30:10', '2024-11-05 06:20:19', 53);
INSERT INTO tbl_payment (user_id, amount, currency, payment_method, payment_status, imp_uid, merchant_uid, transaction_id, fail_reason, receipt_url, created_at, updated_at, order_id) VALUES (4, 120267, 'KRW', 'EASY_PAY', 'completed', 'imp_6919929', 'merchant_2174472', 'trans_1312063', 'None', 'https://receipt.url/2008', '2024-11-12 13:03:43', '2024-11-05 06:20:19', 54);
INSERT INTO tbl_payment (user_id, amount, currency, payment_method, payment_status, imp_uid, merchant_uid, transaction_id, fail_reason, receipt_url, created_at, updated_at, order_id) VALUES (3, 100138, 'KRW', 'TRANSFER', 'completed', 'imp_7638122', 'merchant_7866250', 'trans_1833883', 'Payment declined', 'https://receipt.url/8582', '2024-12-07 23:25:35', '2024-11-05 06:20:19', 55);
INSERT INTO tbl_payment (user_id, amount, currency, payment_method, payment_status, imp_uid, merchant_uid, transaction_id, fail_reason, receipt_url, created_at, updated_at, order_id) VALUES (5, 136061, 'KRW', 'TRANSFER', 'completed', 'imp_4509871', 'merchant_7350176', 'trans_6929768', 'Payment declined', 'https://receipt.url/4420', '2024-12-20 21:40:16', '2024-11-05 06:20:19', 56);
INSERT INTO tbl_payment (user_id, amount, currency, payment_method, payment_status, imp_uid, merchant_uid, transaction_id, fail_reason, receipt_url, created_at, updated_at, order_id) VALUES (1, 95374, 'KRW', 'EASY_PAY', 'completed', 'imp_8903523', 'merchant_9094339', 'trans_1046020', 'None', 'https://receipt.url/7007', '2024-11-24 01:26:56', '2024-11-05 06:20:19', 57);
INSERT INTO tbl_payment (user_id, amount, currency, payment_method, payment_status, imp_uid, merchant_uid, transaction_id, fail_reason, receipt_url, created_at, updated_at, order_id) VALUES (6, 92476, 'KRW', 'CARD', 'completed', 'imp_1055123', 'merchant_9475636', 'trans_8003846', 'None', 'https://receipt.url/2287', '2024-11-11 13:17:17', '2024-11-05 06:20:19', 58);
INSERT INTO tbl_payment (user_id, amount, currency, payment_method, payment_status, imp_uid, merchant_uid, transaction_id, fail_reason, receipt_url, created_at, updated_at, order_id) VALUES (3, 90608, 'KRW', 'EASY_PAY', 'completed', 'imp_3317821', 'merchant_8422795', 'trans_2375505', 'Payment declined', 'https://receipt.url/4142', '2024-11-10 04:51:40', '2024-11-05 06:20:19', 59);
INSERT INTO tbl_payment (user_id, amount, currency, payment_method, payment_status, imp_uid, merchant_uid, transaction_id, fail_reason, receipt_url, created_at, updated_at, order_id) VALUES (6, 122267, 'KRW', 'CARD', 'completed', 'imp_3126126', 'merchant_3629717', 'trans_3631765', 'Payment declined', 'https://receipt.url/2735', '2024-11-23 22:59:28', '2024-11-05 06:20:19', 60);
INSERT INTO tbl_payment (user_id, amount, currency, payment_method, payment_status, imp_uid, merchant_uid, transaction_id, fail_reason, receipt_url, created_at, updated_at, order_id) VALUES (1, 99063, 'KRW', 'BANK_TRANSFER', 'completed', 'imp_1032878', 'merchant_3746556', 'trans_1860776', 'None', 'https://receipt.url/2832', '2024-11-25 02:21:12', '2024-11-05 06:20:19', 61);
INSERT INTO tbl_payment (user_id, amount, currency, payment_method, payment_status, imp_uid, merchant_uid, transaction_id, fail_reason, receipt_url, created_at, updated_at, order_id) VALUES (2, 119772, 'KRW', 'BANK_TRANSFER', 'completed', 'imp_9498981', 'merchant_1540107', 'trans_9575221', 'None', 'https://receipt.url/8031', '2024-11-12 23:06:32', '2024-11-05 06:20:19', 62);
INSERT INTO tbl_payment (user_id, amount, currency, payment_method, payment_status, imp_uid, merchant_uid, transaction_id, fail_reason, receipt_url, created_at, updated_at, order_id) VALUES (1, 122058, 'KRW', 'CARD', 'completed', 'imp_4053373', 'merchant_3864666', 'trans_5357835', 'None', 'https://receipt.url/5970', '2024-12-15 00:49:39', '2024-11-05 06:20:19', 63);
INSERT INTO tbl_payment (user_id, amount, currency, payment_method, payment_status, imp_uid, merchant_uid, transaction_id, fail_reason, receipt_url, created_at, updated_at, order_id) VALUES (1, 147818, 'KRW', 'TRANSFER', 'completed', 'imp_5922810', 'merchant_5304339', 'trans_4746223', 'Payment declined', 'https://receipt.url/6864', '2024-11-30 10:39:37', '2024-11-05 06:20:19', 64);
INSERT INTO tbl_payment (user_id, amount, currency, payment_method, payment_status, imp_uid, merchant_uid, transaction_id, fail_reason, receipt_url, created_at, updated_at, order_id) VALUES (3, 141781, 'KRW', 'CARD', 'completed', 'imp_6943138', 'merchant_5153496', 'trans_9737366', 'None', 'https://receipt.url/8187', '2024-12-17 12:22:42', '2024-11-05 06:20:19', 65);
INSERT INTO tbl_payment (user_id, amount, currency, payment_method, payment_status, imp_uid, merchant_uid, transaction_id, fail_reason, receipt_url, created_at, updated_at, order_id) VALUES (4, 122527, 'KRW', 'EASY_PAY', 'completed', 'imp_9084802', 'merchant_3200019', 'trans_1588107', 'Payment declined', 'https://receipt.url/9277', '2024-11-08 04:38:28', '2024-11-05 06:20:19', 66);
INSERT INTO tbl_payment (user_id, amount, currency, payment_method, payment_status, imp_uid, merchant_uid, transaction_id, fail_reason, receipt_url, created_at, updated_at, order_id) VALUES (2, 51804, 'KRW', 'EASY_PAY', 'completed', 'imp_7443505', 'merchant_9574660', 'trans_1371559', 'None', 'https://receipt.url/6589', '2024-11-19 22:49:50', '2024-11-05 06:20:19', 67);
INSERT INTO tbl_payment (user_id, amount, currency, payment_method, payment_status, imp_uid, merchant_uid, transaction_id, fail_reason, receipt_url, created_at, updated_at, order_id) VALUES (2, 102645, 'KRW', 'CARD', 'completed', 'imp_3312820', 'merchant_1768051', 'trans_1424193', 'None', 'https://receipt.url/2507', '2024-12-22 16:56:09', '2024-11-05 06:20:19', 68);
INSERT INTO tbl_payment (user_id, amount, currency, payment_method, payment_status, imp_uid, merchant_uid, transaction_id, fail_reason, receipt_url, created_at, updated_at, order_id) VALUES (2, 87803, 'KRW', 'EASY_PAY', 'completed', 'imp_4103008', 'merchant_8290076', 'trans_9237942', 'None', 'https://receipt.url/2477', '2024-12-30 07:24:17', '2024-11-05 06:20:19', 69);
INSERT INTO tbl_payment (user_id, amount, currency, payment_method, payment_status, imp_uid, merchant_uid, transaction_id, fail_reason, receipt_url, created_at, updated_at, order_id) VALUES (6, 91777, 'KRW', 'EASY_PAY', 'completed', 'imp_4805768', 'merchant_3895975', 'trans_3505051', 'None', 'https://receipt.url/1300', '2024-11-25 00:18:15', '2024-11-05 06:20:19', 70);
INSERT INTO tbl_payment (user_id, amount, currency, payment_method, payment_status, imp_uid, merchant_uid, transaction_id, fail_reason, receipt_url, created_at, updated_at, order_id) VALUES (4, 87354, 'KRW', 'CARD', 'completed', 'imp_1372063', 'merchant_9908742', 'trans_3781893', 'None', 'https://receipt.url/4848', '2024-11-19 03:53:07', '2024-11-05 06:20:19', 71);
INSERT INTO tbl_payment (user_id, amount, currency, payment_method, payment_status, imp_uid, merchant_uid, transaction_id, fail_reason, receipt_url, created_at, updated_at, order_id) VALUES (4, 57371, 'KRW', 'BANK_TRANSFER', 'completed', 'imp_7106309', 'merchant_7144199', 'trans_8876048', 'None', 'https://receipt.url/6511', '2024-12-12 01:52:24', '2024-11-05 06:20:19', 72);
INSERT INTO tbl_payment (user_id, amount, currency, payment_method, payment_status, imp_uid, merchant_uid, transaction_id, fail_reason, receipt_url, created_at, updated_at, order_id) VALUES (5, 85374, 'KRW', 'TRANSFER', 'completed', 'imp_5860917', 'merchant_9076490', 'trans_3248859', 'None', 'https://receipt.url/5539', '2024-12-15 15:37:46', '2024-11-05 06:20:19', 73);
INSERT INTO tbl_payment (user_id, amount, currency, payment_method, payment_status, imp_uid, merchant_uid, transaction_id, fail_reason, receipt_url, created_at, updated_at, order_id) VALUES (5, 144443, 'KRW', 'CARD', 'completed', 'imp_9030126', 'merchant_4738735', 'trans_5813203', 'Payment declined', 'https://receipt.url/4738', '2024-11-24 15:12:30', '2024-11-05 06:20:19', 74);
INSERT INTO tbl_payment (user_id, amount, currency, payment_method, payment_status, imp_uid, merchant_uid, transaction_id, fail_reason, receipt_url, created_at, updated_at, order_id) VALUES (4, 145967, 'KRW', 'BANK_TRANSFER', 'completed', 'imp_2411913', 'merchant_7952840', 'trans_8673250', 'None', 'https://receipt.url/6760', '2024-12-17 02:44:06', '2024-11-05 06:20:19', 75);
INSERT INTO tbl_payment (user_id, amount, currency, payment_method, payment_status, imp_uid, merchant_uid, transaction_id, fail_reason, receipt_url, created_at, updated_at, order_id) VALUES (5, 89292, 'KRW', 'TRANSFER', 'completed', 'imp_7384369', 'merchant_3550839', 'trans_2432010', 'Payment declined', 'https://receipt.url/7388', '2024-12-17 10:02:31', '2024-11-05 06:20:19', 76);
INSERT INTO tbl_payment (user_id, amount, currency, payment_method, payment_status, imp_uid, merchant_uid, transaction_id, fail_reason, receipt_url, created_at, updated_at, order_id) VALUES (2, 98813, 'KRW', 'CARD', 'completed', 'imp_1686659', 'merchant_5179551', 'trans_1579324', 'None', 'https://receipt.url/1807', '2024-12-09 02:46:57', '2024-11-05 06:20:19', 77);
INSERT INTO tbl_payment (user_id, amount, currency, payment_method, payment_status, imp_uid, merchant_uid, transaction_id, fail_reason, receipt_url, created_at, updated_at, order_id) VALUES (3, 146382, 'KRW', 'BANK_TRANSFER', 'completed', 'imp_9083330', 'merchant_1582409', 'trans_4369489', 'Payment declined', 'https://receipt.url/7842', '2024-12-22 07:17:04', '2024-11-05 06:20:19', 78);
